"tsi","group"
0.565796311095497,"All miRNAs"
0.3751178979772,"All miRNAs"
0.646228118052463,"All miRNAs"
0.465299991138033,"All miRNAs"
0.520327229466815,"All miRNAs"
0.543642643875035,"All miRNAs"
0.583104683314386,"All miRNAs"
0.43980004615201,"All miRNAs"
0.449686342014235,"All miRNAs"
0.430713472326883,"All miRNAs"
0.383156691568331,"All miRNAs"
0.524978912959838,"All miRNAs"
0.451996125296737,"All miRNAs"
0.398514372156818,"All miRNAs"
0.368873674671841,"All miRNAs"
0.257432642781171,"All miRNAs"
0.659445227357261,"All miRNAs"
0.424180360970552,"All miRNAs"
0.961167405373449,"All miRNAs"
0.968160566753973,"All miRNAs"
0.591966601769926,"All miRNAs"
0.617541438303562,"All miRNAs"
0.633103973049456,"All miRNAs"
0.493616060732495,"All miRNAs"
0.565469117339563,"All miRNAs"
0.886581570954514,"All miRNAs"
0.872221412265888,"All miRNAs"
0.908324950511259,"All miRNAs"
0.989257288973448,"All miRNAs"
0.976096000249519,"All miRNAs"
0.416305037192454,"All miRNAs"
0.691744111252367,"All miRNAs"
0.808354946880388,"All miRNAs"
0.818486099810912,"All miRNAs"
0.835726584855309,"All miRNAs"
0.812641225012782,"All miRNAs"
0.950837898077054,"All miRNAs"
0.832147481573057,"All miRNAs"
0.798175349333282,"All miRNAs"
0.908760831570267,"All miRNAs"
0.595227720945384,"All miRNAs"
0.558565568174816,"All miRNAs"
0.536555822319176,"All miRNAs"
0.436311696538928,"All miRNAs"
0.51496663340768,"All miRNAs"
0.898710268498529,"All miRNAs"
0.919081192882087,"All miRNAs"
0.650134502598143,"All miRNAs"
0.772994312837402,"All miRNAs"
0.937370370906387,"All miRNAs"
0.959110384898676,"All miRNAs"
0.916726450672431,"All miRNAs"
0.893325714262946,"All miRNAs"
0.682240249167136,"All miRNAs"
0.688868816086147,"All miRNAs"
0.541120016017278,"All miRNAs"
0.803579007256011,"All miRNAs"
0.80719672774845,"All miRNAs"
0.642822023233428,"All miRNAs"
0.73825006811833,"All miRNAs"
0.607647585999138,"All miRNAs"
0.729539806174181,"All miRNAs"
0.765487966255259,"All miRNAs"
0.807088999276369,"All miRNAs"
0.862779045509584,"All miRNAs"
0.874258136077128,"All miRNAs"
0.839107736230423,"All miRNAs"
0.725158372585464,"All miRNAs"
0.943112269723691,"All miRNAs"
0.866168028219898,"All miRNAs"
0.668704553797619,"All miRNAs"
0.601476867086264,"All miRNAs"
0.82843461664719,"All miRNAs"
0.96747688285683,"All miRNAs"
0.699968211525942,"All miRNAs"
0.79813290795721,"All miRNAs"
0.893030060753345,"All miRNAs"
0.873135471762309,"All miRNAs"
0.945271215449729,"All miRNAs"
0.914248624267834,"All miRNAs"
0.876828938747519,"All miRNAs"
0.894436037288186,"All miRNAs"
0.964380257405836,"All miRNAs"
0.665315242202246,"All miRNAs"
0.826769915572443,"All miRNAs"
0.721601565996223,"All miRNAs"
0.876819012495336,"All miRNAs"
0.850128300041607,"All miRNAs"
0.655269236685496,"All miRNAs"
0.993441144851297,"All miRNAs"
0.991036555439679,"All miRNAs"
0.974671215035273,"All miRNAs"
0.922248398267451,"All miRNAs"
0.833067057178138,"All miRNAs"
0.786481864896888,"All miRNAs"
0.638567305928061,"All miRNAs"
0.441777462948754,"All miRNAs"
0.493574300913576,"All miRNAs"
0.894714554642498,"All miRNAs"
0.732235018423772,"All miRNAs"
0.839733423665995,"All miRNAs"
0.812969913117086,"All miRNAs"
0.836045970612284,"All miRNAs"
0.945305426541825,"All miRNAs"
0.952437131178526,"All miRNAs"
0.856119118820543,"All miRNAs"
0.860379017063481,"All miRNAs"
0.623486257135706,"All miRNAs"
0.760871587792508,"All miRNAs"
0.731233452868216,"All miRNAs"
0.747227804003581,"All miRNAs"
0.655593752341441,"All miRNAs"
0.938798728213128,"All miRNAs"
0.667467443912664,"All miRNAs"
0.987085335750214,"All miRNAs"
0.985072610996189,"All miRNAs"
0.839701846155631,"All miRNAs"
0.7838648969121,"All miRNAs"
0.739429267317705,"All miRNAs"
0.761388831297283,"All miRNAs"
0.690049682160248,"All miRNAs"
0.941234970835361,"All miRNAs"
0.946095361309869,"All miRNAs"
0.696593548559832,"All miRNAs"
0.804533890543455,"All miRNAs"
0.847954309624419,"All miRNAs"
0.922729282365873,"All miRNAs"
0.928675838975799,"All miRNAs"
0.936289642780894,"All miRNAs"
0.949877455138084,"All miRNAs"
0.939532287613186,"All miRNAs"
0.955792172209399,"All miRNAs"
0.991439048503984,"All miRNAs"
0.437161063188433,"All miRNAs"
0.76417178246967,"All miRNAs"
0.688696121972233,"All miRNAs"
0.637645540199125,"All miRNAs"
0.789639564311564,"All miRNAs"
0.52258564222697,"All miRNAs"
0.649569838256527,"All miRNAs"
0.592977160936499,"All miRNAs"
0.540270747520168,"All miRNAs"
0.489337091368508,"All miRNAs"
0.586378679401201,"All miRNAs"
0.555115418646072,"All miRNAs"
0.854716291574138,"All miRNAs"
0.85694539453798,"All miRNAs"
0.619452697970558,"All miRNAs"
0.606273290495491,"All miRNAs"
0.94656310764438,"All miRNAs"
0.990778120158393,"All miRNAs"
0.853423901812281,"All miRNAs"
0.835249316487897,"All miRNAs"
0.923853472964041,"All miRNAs"
0.897679990750062,"All miRNAs"
0.968284906696433,"All miRNAs"
0.969778420347006,"All miRNAs"
0.92752608598689,"All miRNAs"
0.924603956480945,"All miRNAs"
0.82407584780474,"All miRNAs"
0.836059845829605,"All miRNAs"
0.793745098108754,"All miRNAs"
0.75447512413454,"All miRNAs"
0.785314939283527,"All miRNAs"
0.70906830810837,"All miRNAs"
0.877926765412261,"All miRNAs"
0.678543943092501,"All miRNAs"
0.772010624830459,"All miRNAs"
0.725476766011252,"All miRNAs"
0.486110687007945,"All miRNAs"
0.325516870918821,"All miRNAs"
0.485514946434125,"All miRNAs"
0.946904305128427,"All miRNAs"
0.959215660287467,"All miRNAs"
0.938965289260376,"All miRNAs"
0.974918033913492,"All miRNAs"
0.954541010465551,"All miRNAs"
0.742317651424977,"All miRNAs"
0.472432065719036,"All miRNAs"
0.768230569534483,"All miRNAs"
0.921264909982013,"All miRNAs"
0.549352663097531,"All miRNAs"
0.647081263075699,"All miRNAs"
0.647294667691804,"All miRNAs"
0.701456708066308,"All miRNAs"
0.972539193374077,"All miRNAs"
0.967772253159896,"All miRNAs"
0.946046454616064,"All miRNAs"
0.909792692671828,"All miRNAs"
0.868661761003254,"All miRNAs"
0.826281064612631,"All miRNAs"
0.322385128376721,"All miRNAs"
0.947407309417416,"All miRNAs"
0.597654683015696,"All miRNAs"
0.894811815621081,"All miRNAs"
0.974171936523372,"All miRNAs"
0.986821089304185,"All miRNAs"
0.881787083090807,"All miRNAs"
0.832518329991148,"All miRNAs"
0.772378678105011,"All miRNAs"
0.993790970781406,"All miRNAs"
0.966534502677352,"All miRNAs"
0.706488021806252,"All miRNAs"
0.705760738723969,"All miRNAs"
0.777297424556258,"All miRNAs"
0.705288078312329,"All miRNAs"
0.779447972774452,"All miRNAs"
0.469842065740989,"All miRNAs"
0.75896019213505,"All miRNAs"
0.72714625440879,"All miRNAs"
0.679912018994735,"All miRNAs"
0.577994148279716,"All miRNAs"
0.515646361227505,"All miRNAs"
0.356611170691719,"All miRNAs"
0.394065305892338,"All miRNAs"
0.928434649220287,"All miRNAs"
0.954772862638324,"All miRNAs"
0.829906999364468,"All miRNAs"
0.89878189740969,"All miRNAs"
0.630530439430013,"All miRNAs"
0.967275728855712,"All miRNAs"
0.971793270985236,"All miRNAs"
0.970881826129062,"All miRNAs"
0.968541299724018,"All miRNAs"
0.796257373873665,"All miRNAs"
0.789742079933894,"All miRNAs"
0.744798952218965,"All miRNAs"
0.808802183485009,"All miRNAs"
0.973918613156747,"All miRNAs"
0.991534083713243,"All miRNAs"
0.972610033818008,"All miRNAs"
0.904892303063233,"All miRNAs"
0.856707885890493,"All miRNAs"
0.717823497158415,"All miRNAs"
0.746582458180637,"All miRNAs"
0.986531467095782,"All miRNAs"
0.990385134407049,"All miRNAs"
0.962307545396027,"All miRNAs"
0.983903913686543,"All miRNAs"
0.921457150189137,"All miRNAs"
0.876822940696745,"All miRNAs"
0.799216644246114,"All miRNAs"
0.902116888078964,"All miRNAs"
0.872593431787377,"All miRNAs"
0.878482216548283,"All miRNAs"
0.816354052842484,"All miRNAs"
0.810573003588256,"All miRNAs"
0.851895505077778,"All miRNAs"
0.825516825791791,"All miRNAs"
0.832699733856489,"All miRNAs"
0.793492020813384,"All miRNAs"
0.788038365491502,"All miRNAs"
0.804050409566261,"All miRNAs"
0.794640840075806,"All miRNAs"
0.8361914083578,"All miRNAs"
0.736050763715349,"All miRNAs"
0.877289304395478,"All miRNAs"
0.845710740232006,"All miRNAs"
0.74380523064275,"All miRNAs"
0.724939084093468,"All miRNAs"
0.725469991677351,"All miRNAs"
0.920278983490674,"All miRNAs"
0.893787630049505,"All miRNAs"
0.871848757576062,"All miRNAs"
0.899741895028104,"All miRNAs"
0.888002129519275,"All miRNAs"
0.400405549801824,"All miRNAs"
0.395367493392264,"All miRNAs"
0.892023085572108,"All miRNAs"
0.847778708671783,"All miRNAs"
0.913698320978883,"All miRNAs"
0.925021185415182,"All miRNAs"
0.342738302779557,"All miRNAs"
0.354178747051834,"All miRNAs"
0.244953477715964,"All miRNAs"
0.400264093934437,"All miRNAs"
0.760883617744037,"All miRNAs"
0.957901423179091,"All miRNAs"
0.937400216194073,"All miRNAs"
0.891927133132031,"All miRNAs"
0.875730234136529,"All miRNAs"
0.718504531418752,"All miRNAs"
0.871110222271766,"All miRNAs"
0.901600805320574,"All miRNAs"
0.71385830751025,"All miRNAs"
0.751158486463266,"All miRNAs"
0.869804261674989,"All miRNAs"
0.760940810854439,"All miRNAs"
0.531500776742104,"All miRNAs"
0.527546623286427,"All miRNAs"
0.749349118289498,"All miRNAs"
0.625613273378475,"All miRNAs"
0.558268984879362,"All miRNAs"
0.772229519475437,"All miRNAs"
0.619319506743128,"All miRNAs"
0.411065489320836,"All miRNAs"
0.736385373283216,"All miRNAs"
0.616020481951692,"All miRNAs"
0.830874204155749,"All miRNAs"
0.793906507981012,"All miRNAs"
0.501211685888534,"All miRNAs"
0.87181450526243,"All miRNAs"
0.827757762902174,"All miRNAs"
0.798036848801508,"All miRNAs"
0.752071803440022,"All miRNAs"
0.776600990875243,"All miRNAs"
0.797800828384463,"All miRNAs"
0.847378876811167,"All miRNAs"
0.841485804048114,"All miRNAs"
0.796581321401891,"All miRNAs"
0.711938558280721,"All miRNAs"
0.776123657943939,"All miRNAs"
0.844033805992826,"All miRNAs"
0.776821232110881,"All miRNAs"
0.693054240900003,"All miRNAs"
0.599039018069765,"All miRNAs"
0.505800699099992,"All miRNAs"
0.317224547185271,"All miRNAs"
0.867121141621573,"All miRNAs"
0.903160478064013,"All miRNAs"
0.620553877037055,"All miRNAs"
0.6899073565744,"All miRNAs"
0.752175521269071,"All miRNAs"
0.741833089294149,"All miRNAs"
0.735292429919342,"All miRNAs"
0.795054638713907,"All miRNAs"
0.875009057299183,"All miRNAs"
0.788930653087014,"All miRNAs"
0.750111708829306,"All miRNAs"
0.747032573550278,"All miRNAs"
0.654781037005252,"All miRNAs"
0.566276904724118,"All miRNAs"
0.853731850983557,"All miRNAs"
0.813095318365629,"All miRNAs"
0.70981484474217,"All miRNAs"
0.365014003258511,"All miRNAs"
0.756695913103619,"All miRNAs"
0.76323483613196,"All miRNAs"
0.969443028534903,"All miRNAs"
0.986170951678402,"All miRNAs"
0.982013337523479,"All miRNAs"
0.830234853690845,"All miRNAs"
0.74859922912728,"All miRNAs"
0.730890322994614,"All miRNAs"
0.812955822896283,"All miRNAs"
0.661527006651664,"All miRNAs"
0.936650688650122,"All miRNAs"
0.915587517051662,"All miRNAs"
0.754062287955612,"All miRNAs"
0.76203928902684,"All miRNAs"
0.734861217482838,"All miRNAs"
0.754174280352961,"All miRNAs"
0.972526697033217,"All miRNAs"
0.933913575480279,"All miRNAs"
0.546985911533133,"All miRNAs"
0.476322766002232,"All miRNAs"
0.981475554688061,"All miRNAs"
0.875535182781182,"All miRNAs"
0.880497295996072,"All miRNAs"
0.837158394054147,"All miRNAs"
0.800506925903226,"All miRNAs"
0.43739710291311,"All miRNAs"
0.63149916393888,"All miRNAs"
0.788924856117762,"All miRNAs"
0.965402861159031,"All miRNAs"
0.579929163265104,"All miRNAs"
0.747325278079565,"All miRNAs"
0.708277800013872,"All miRNAs"
0.558592979093729,"All miRNAs"
0.708240689824607,"All miRNAs"
0.754494646109693,"All miRNAs"
0.595083924384137,"All miRNAs"
0.564199124722924,"All miRNAs"
0.557926262813665,"All miRNAs"
0.621611757568445,"All miRNAs"
0.536900294373296,"All miRNAs"
0.869254977319233,"All miRNAs"
0.824246938181347,"All miRNAs"
0.924329779571363,"All miRNAs"
0.912403856853111,"All miRNAs"
0.894546678077888,"All miRNAs"
0.817687295938126,"All miRNAs"
0.999678192946823,"All miRNAs"
0.999042877398517,"All miRNAs"
0.992749234486699,"All miRNAs"
0.988415484892849,"All miRNAs"
0.847831871214231,"All miRNAs"
0.929237085235483,"All miRNAs"
0.884970900961165,"All miRNAs"
0.842126450351436,"All miRNAs"
0.981490050560768,"All miRNAs"
0.979588424713551,"All miRNAs"
0.974701109884738,"All miRNAs"
0.987804691226987,"All miRNAs"
0.98669340832162,"All miRNAs"
0.982264985691647,"All miRNAs"
0.977427780922149,"All miRNAs"
0.529446692916033,"All miRNAs"
0.695176345946205,"All miRNAs"
0.776558600489718,"All miRNAs"
0.769485143749172,"All miRNAs"
0.771982870785146,"All miRNAs"
0.78556566792362,"All miRNAs"
0.644622627848623,"All miRNAs"
0.792513834433169,"All miRNAs"
0.975397560876043,"All miRNAs"
0.963475367352843,"All miRNAs"
0.371277591926902,"All miRNAs"
0.924289520775248,"All miRNAs"
0.856447389469056,"All miRNAs"
0.84306231736479,"All miRNAs"
0.960126068178654,"All miRNAs"
0.976219330793083,"All miRNAs"
0.495471062917954,"All miRNAs"
0.477289994036463,"All miRNAs"
0.915616016803938,"All miRNAs"
0.837995120085786,"All miRNAs"
0.885584454765024,"All miRNAs"
0.5113801129023,"All miRNAs"
0.503334811531948,"All miRNAs"
0.99359387322711,"All miRNAs"
0.973976153152504,"All miRNAs"
0.996926379373566,"All miRNAs"
0.996603358298255,"All miRNAs"
0.998396627093431,"All miRNAs"
0.998178241010505,"All miRNAs"
0.996954329083205,"All miRNAs"
0.99823493208522,"All miRNAs"
0.601523739128783,"All miRNAs"
0.870541490744374,"All miRNAs"
0.621468083622345,"All miRNAs"
0.609107086419226,"All miRNAs"
0.960977525785477,"All miRNAs"
0.974201138092992,"All miRNAs"
0.687762307075681,"All miRNAs"
0.446383853912722,"All miRNAs"
0.653592462031938,"All miRNAs"
0.778197189149748,"All miRNAs"
0.730146275578905,"All miRNAs"
0.619340147197044,"All miRNAs"
0.683724275911951,"All miRNAs"
0.563384826832331,"All miRNAs"
0.949838186535608,"All miRNAs"
0.955179541475836,"All miRNAs"
0.831657983481845,"All miRNAs"
0.901699029490918,"All miRNAs"
0.767047067471516,"All miRNAs"
0.835524023707662,"All miRNAs"
0.645595991195828,"All miRNAs"
0.598512490929284,"All miRNAs"
0.466214166357036,"All miRNAs"
0.403188762463433,"All miRNAs"
0.427403020051894,"All miRNAs"
0.818350096860431,"All miRNAs"
0.659249375617309,"All miRNAs"
0.800844758661377,"All miRNAs"
0.615665426686656,"All miRNAs"
0.544985350036125,"All miRNAs"
0.63089716948671,"All miRNAs"
0.608694066336414,"All miRNAs"
0.722563787758825,"All miRNAs"
0.524606966702635,"All miRNAs"
0.761964403289264,"All miRNAs"
0.684790358992024,"All miRNAs"
0.501728939562766,"All miRNAs"
0.586391276168667,"All miRNAs"
0.800055188510367,"All miRNAs"
0.839058622061031,"All miRNAs"
0.988991800170556,"All miRNAs"
0.98765154987056,"All miRNAs"
0.644824331003484,"All miRNAs"
0.307025911477732,"All miRNAs"
0.575358618086005,"All miRNAs"
0.433922585706116,"All miRNAs"
0.553038571010854,"All miRNAs"
0.772783672765553,"All miRNAs"
0.902982926434912,"All miRNAs"
0.696256575193935,"All miRNAs"
0.598362460653213,"All miRNAs"
0.681187654214285,"All miRNAs"
0.643448607273989,"All miRNAs"
0.789341928190965,"All miRNAs"
0.613103430603516,"All miRNAs"
0.483569663901059,"All miRNAs"
0.883783313995886,"All miRNAs"
0.85535683159657,"All miRNAs"
0.755397437131862,"All miRNAs"
0.82533827987158,"All miRNAs"
0.394900599827548,"All miRNAs"
0.426096311528437,"All miRNAs"
0.709687435107343,"All miRNAs"
0.383436485126748,"All miRNAs"
0.444506940165686,"All miRNAs"
0.438069327468576,"All miRNAs"
0.513870433630057,"All miRNAs"
0.856679067211218,"All miRNAs"
0.651323672861017,"All miRNAs"
0.679679932447498,"All miRNAs"
0.662555799775005,"All miRNAs"
0.994390983366681,"All miRNAs"
0.994189298201878,"All miRNAs"
0.993934751494536,"All miRNAs"
0.996154996299084,"All miRNAs"
0.994943177260536,"All miRNAs"
0.996060134813355,"All miRNAs"
0.994755373507592,"All miRNAs"
0.995049672387003,"All miRNAs"
0.998988114532925,"All miRNAs"
0.911780808481059,"All miRNAs"
0.956531396985499,"All miRNAs"
0.429136325410011,"All miRNAs"
0.380074369442515,"All miRNAs"
0.732813640632791,"All miRNAs"
0.749783457138109,"All miRNAs"
0.61613101959884,"All miRNAs"
0.454837041134136,"All miRNAs"
0.885282415862622,"All miRNAs"
0.854940682877305,"All miRNAs"
0.80961551243546,"All miRNAs"
0.831720815630873,"All miRNAs"
0.740109377365299,"All miRNAs"
0.541949763766005,"All miRNAs"
0.637043520656655,"All miRNAs"
0.768645845600883,"All miRNAs"
0.512111057955081,"All miRNAs"
0.571395590339561,"All miRNAs"
0.518707126526891,"All miRNAs"
0.714858589809781,"All miRNAs"
0.513354502043233,"All miRNAs"
0.63457208935308,"All miRNAs"
0.692287798771946,"All miRNAs"
0.60966993345737,"All miRNAs"
0.796971356740026,"All miRNAs"
0.715234134893949,"All miRNAs"
0.727617719482201,"All miRNAs"
0.892448679206991,"All miRNAs"
0.770858163839988,"All miRNAs"
0.791643192571558,"All miRNAs"
0.875321689642898,"All miRNAs"
0.923459474296394,"All miRNAs"
0.757872454175966,"All miRNAs"
0.703198578713595,"All miRNAs"
0.80298267523927,"All miRNAs"
0.741482816538953,"All miRNAs"
0.735479706742472,"All miRNAs"
0.739843447293187,"All miRNAs"
0.795602653032897,"All miRNAs"
0.687191444947127,"All miRNAs"
0.553465786153524,"All miRNAs"
0.649049695537585,"All miRNAs"
0.642942008499653,"All miRNAs"
0.563127776636054,"All miRNAs"
0.549332760048108,"All miRNAs"
0.904301575577286,"All miRNAs"
0.887592545865069,"All miRNAs"
0.628849697279823,"All miRNAs"
0.636646920476563,"All miRNAs"
0.824904123492993,"All miRNAs"
0.732854219956275,"All miRNAs"
0.863793994108373,"All miRNAs"
0.610521791626422,"All miRNAs"
0.774478154385582,"All miRNAs"
0.695463817676228,"All miRNAs"
0.786531829753982,"All miRNAs"
0.735768447643302,"All miRNAs"
0.685914738125872,"All miRNAs"
0.796658118189797,"All miRNAs"
0.762055180395379,"All miRNAs"
0.773860422544486,"All miRNAs"
0.697226589319356,"All miRNAs"
0.792535094830157,"All miRNAs"
0.877482508939185,"All miRNAs"
0.547357990304701,"All miRNAs"
0.902191155301808,"All miRNAs"
0.934885013764712,"All miRNAs"
0.632083279252357,"All miRNAs"
0.678500501904232,"All miRNAs"
0.867137856368195,"All miRNAs"
0.78833887313239,"All miRNAs"
0.818012143860368,"All miRNAs"
0.934090383252424,"All miRNAs"
0.913539830395386,"All miRNAs"
0.702586908915336,"All miRNAs"
0.790303132765878,"All miRNAs"
0.803393708413697,"All miRNAs"
0.784582365587304,"All miRNAs"
0.874517680391391,"All miRNAs"
0.911145254345599,"All miRNAs"
0.621371150103018,"All miRNAs"
0.511443037669429,"All miRNAs"
0.719978063333528,"All miRNAs"
0.708056981939667,"All miRNAs"
0.730641189582579,"All miRNAs"
0.438685105288876,"All miRNAs"
0.783374355028778,"All miRNAs"
0.856007534672336,"All miRNAs"
0.971648206998203,"All miRNAs"
0.754883022350463,"All miRNAs"
0.768970180940516,"All miRNAs"
0.863969315928436,"All miRNAs"
0.699556032959037,"All miRNAs"
0.899847290802334,"All miRNAs"
0.932455684610912,"All miRNAs"
0.827819324142278,"All miRNAs"
0.689041951791069,"All miRNAs"
0.549345930606799,"All miRNAs"
0.662390874045541,"All miRNAs"
0.560127374549936,"All miRNAs"
0.916824295014455,"All miRNAs"
0.740984948996209,"All miRNAs"
0.744179111119144,"All miRNAs"
0.712647233412815,"All miRNAs"
0.986013241461607,"All miRNAs"
0.719327276274509,"All miRNAs"
0.819754519037529,"All miRNAs"
0.819754519037529,"All miRNAs"
0.796390182410877,"All miRNAs"
0.580974568286683,"All miRNAs"
0.87024538098441,"All miRNAs"
0.671230979428279,"All miRNAs"
0.915454649671086,"All miRNAs"
0.961531457581826,"All miRNAs"
0.630066707359467,"All miRNAs"
0.654628038567305,"All miRNAs"
0.486872242023668,"All miRNAs"
0.893109927142777,"All miRNAs"
0.79153120429413,"All miRNAs"
0.512061545248166,"All miRNAs"
0.757157305594982,"All miRNAs"
0.682834204016747,"All miRNAs"
0.725529168229697,"All miRNAs"
0.777688933426162,"All miRNAs"
0.478373044392479,"All miRNAs"
0.648471875778493,"All miRNAs"
0.585503745186932,"All miRNAs"
0.507518243469205,"All miRNAs"
0.75531843098047,"All miRNAs"
0.959098469277864,"All miRNAs"
0.816794483558988,"All miRNAs"
0.830136517255602,"All miRNAs"
0.696061657898687,"All miRNAs"
0.454041096711343,"All miRNAs"
0.459216330838693,"All miRNAs"
0.930266600578299,"All miRNAs"
0.933144621293064,"All miRNAs"
0.952458485698711,"All miRNAs"
0.690738369197552,"All miRNAs"
0.441070948952038,"All miRNAs"
0.786541884077963,"All miRNAs"
0.709247629753455,"All miRNAs"
0.736345763079512,"All miRNAs"
0.768869890355024,"All miRNAs"
0.649657961663575,"All miRNAs"
0.96101689534043,"All miRNAs"
0.976793761988328,"All miRNAs"
0.94849022143466,"All miRNAs"
0.915509220786208,"All miRNAs"
0.430794161445093,"All miRNAs"
0.569800766306618,"All miRNAs"
0.461537209154821,"All miRNAs"
0.704882021301309,"All miRNAs"
0.748360434861027,"All miRNAs"
0.942406635699712,"All miRNAs"
0.936752915522765,"All miRNAs"
0.920671918202374,"All miRNAs"
0.920293448799013,"All miRNAs"
0.545830141784513,"All miRNAs"
0.627833853439032,"All miRNAs"
0.807740385997596,"All miRNAs"
0.726207118157963,"All miRNAs"
0.636734729270952,"All miRNAs"
0.695024961532611,"All miRNAs"
0.922585060940343,"All miRNAs"
0.933149410498807,"All miRNAs"
0.46399259690713,"All miRNAs"
0.745412186635609,"All miRNAs"
0.630808719146819,"All miRNAs"
0.630451782388955,"All miRNAs"
0.793748640755657,"All miRNAs"
0.711526186954507,"All miRNAs"
0.742073790769977,"All miRNAs"
0.668964047167716,"All miRNAs"
0.575139738159692,"All miRNAs"
0.782501955274317,"All miRNAs"
0.799330792352712,"All miRNAs"
0.86439690277951,"All miRNAs"
0.94797791225731,"All miRNAs"
0.555852897606859,"All miRNAs"
0.636739192110038,"All miRNAs"
0.899429578326204,"All miRNAs"
0.914098225494879,"All miRNAs"
0.891788229390129,"All miRNAs"
0.903765538293506,"All miRNAs"
0.928578770210541,"All miRNAs"
0.859505240555077,"All miRNAs"
0.315123212556198,"All miRNAs"
0.561956255799828,"All miRNAs"
0.812608709641182,"All miRNAs"
0.706516597275821,"All miRNAs"
0.729864659737934,"All miRNAs"
0.548186875707737,"All miRNAs"
0.192402207181136,"All miRNAs"
0.758807443769148,"All miRNAs"
0.473088206893932,"All miRNAs"
0.800857925213772,"All miRNAs"
0.313131572651761,"All miRNAs"
0.460021665399204,"All miRNAs"
0.671074989024626,"All miRNAs"
0.653873300190232,"All miRNAs"
0.623365595381928,"All miRNAs"
0.85300927653633,"All miRNAs"
0.929992970175498,"All miRNAs"
0.942636321008431,"All miRNAs"
0.950988755602564,"All miRNAs"
0.784894492682696,"All miRNAs"
0.552494098966699,"All miRNAs"
0.659417356031212,"All miRNAs"
0.744305837178936,"All miRNAs"
0.677079921421848,"All miRNAs"
0.50223407316255,"All miRNAs"
0.741347899051226,"All miRNAs"
0.940269232960666,"All miRNAs"
0.692477578729239,"All miRNAs"
0.723130007108334,"All miRNAs"
0.819876225296398,"All miRNAs"
0.741655236951862,"All miRNAs"
0.604956267298501,"All miRNAs"
0.778819464603447,"All miRNAs"
0.941816525542413,"All miRNAs"
0.747357207117373,"All miRNAs"
0.892056514277592,"All miRNAs"
0.925057396256019,"All miRNAs"
0.925037320326549,"All miRNAs"
0.763420549230578,"All miRNAs"
0.428182426769585,"All miRNAs"
0.872302401807325,"All miRNAs"
0.972732355830444,"All miRNAs"
0.689681691360828,"All miRNAs"
0.703720483973483,"All miRNAs"
0.689843981269759,"All miRNAs"
0.877536658823974,"All miRNAs"
0.828775616169791,"All miRNAs"
0.829461945818467,"All miRNAs"
0.976907616028465,"All miRNAs"
0.984582323502568,"All miRNAs"
0.821768837603089,"All miRNAs"
0.870561908418839,"All miRNAs"
0.934932792348101,"All miRNAs"
0.741077348552227,"All miRNAs"
0.739921060251167,"All miRNAs"
0.992227370462382,"All miRNAs"
0.907760083554164,"All miRNAs"
0.811903429965509,"All miRNAs"
0.710349410852013,"All miRNAs"
0.74231005765862,"All miRNAs"
0.746647492313807,"All miRNAs"
0.82244481367849,"All miRNAs"
0.804120663594916,"All miRNAs"
0.641104504640151,"All miRNAs"
0.625895471611723,"All miRNAs"
0.918750343170021,"All miRNAs"
0.859545270804385,"All miRNAs"
0.780373942006321,"All miRNAs"
0.828650304388988,"All miRNAs"
0.865448721119576,"All miRNAs"
0.621466574008868,"All miRNAs"
0.905241706101192,"All miRNAs"
0.971253641903238,"All miRNAs"
0.76379082389182,"All miRNAs"
0.793685782456693,"All miRNAs"
0.783380805510073,"All miRNAs"
0.778611747036042,"All miRNAs"
0.628026056892374,"All miRNAs"
0.654472189359583,"All miRNAs"
0.628486559415792,"All miRNAs"
0.770748541770739,"All miRNAs"
0.898677998345527,"All miRNAs"
0.897498617039057,"All miRNAs"
0.88330347725515,"All miRNAs"
0.97971998793276,"All miRNAs"
0.971879761751603,"All miRNAs"
0.885154313970185,"All miRNAs"
0.847764431690196,"All miRNAs"
0.983281800475278,"All miRNAs"
0.977675837082953,"All miRNAs"
0.997051529098584,"All miRNAs"
0.434094581850957,"All miRNAs"
0.314893332280717,"All miRNAs"
0.616513068407895,"All miRNAs"
0.495218205036062,"All miRNAs"
0.649210306942834,"All miRNAs"
0.568221645634553,"All miRNAs"
0.975400986803835,"All miRNAs"
0.953070853405981,"All miRNAs"
0.611810460559922,"All miRNAs"
0.672362904839593,"All miRNAs"
0.875990420080314,"All miRNAs"
0.743417412526976,"All miRNAs"
0.579535852251417,"All miRNAs"
0.710122426602429,"All miRNAs"
0.586380921492502,"All miRNAs"
0.691816905786411,"All miRNAs"
0.819214006539234,"All miRNAs"
0.89237650834485,"All miRNAs"
0.937774673625551,"All miRNAs"
0.892767860231654,"All miRNAs"
0.918176596874458,"All miRNAs"
0.918479213487771,"All miRNAs"
0.916651080275944,"All miRNAs"
0.931498751614514,"All miRNAs"
0.8536663441153,"All miRNAs"
0.919014591627144,"All miRNAs"
0.90590419704867,"All miRNAs"
0.943192190444446,"All miRNAs"
0.800088586535011,"All miRNAs"
0.835395394797038,"All miRNAs"
0.94217148322516,"All miRNAs"
0.956319766513362,"All miRNAs"
0.813517696733171,"All miRNAs"
0.899856056621126,"All miRNAs"
0.777204144149515,"All miRNAs"
0.778827764774926,"All miRNAs"
0.89806193326988,"All miRNAs"
0.930619871265005,"All miRNAs"
0.92011814464739,"All miRNAs"
0.794223617746833,"All miRNAs"
0.787421768570254,"All miRNAs"
0.914991226070866,"All miRNAs"
0.409691262063752,"All miRNAs"
0.423382419547997,"All miRNAs"
0.689814223010798,"All miRNAs"
0.432020558575895,"All miRNAs"
0.931623597574262,"All miRNAs"
0.933048469750249,"All miRNAs"
0.724075233414148,"All miRNAs"
0.619819673665307,"All miRNAs"
0.882991053691516,"All miRNAs"
0.854897900128992,"All miRNAs"
0.825564805605202,"All miRNAs"
0.810432257509819,"All miRNAs"
0.848369467326453,"All miRNAs"
0.977944160042103,"All miRNAs"
0.877120421637366,"All miRNAs"
0.782197913173771,"All miRNAs"
0.60300907861217,"All miRNAs"
0.993192345808699,"All miRNAs"
0.396889395813058,"All miRNAs"
0.71940775761667,"All miRNAs"
0.904509526401695,"All miRNAs"
0.737104391286403,"All miRNAs"
0.70399998944175,"All miRNAs"
0.95257849533391,"All miRNAs"
0.637662092615248,"All miRNAs"
0.912296536274856,"All miRNAs"
0.901259677766555,"All miRNAs"
0.605099143816385,"All miRNAs"
0.440388459715073,"All miRNAs"
0.52563947135431,"All miRNAs"
0.638313841295538,"All miRNAs"
0.578759152015098,"All miRNAs"
0.7538267108229,"All miRNAs"
0.975937987494549,"All miRNAs"
0.723101642556063,"All miRNAs"
0.912036597226336,"All miRNAs"
0.872240300173908,"All miRNAs"
0.771644783074512,"All miRNAs"
0.849833298250869,"All miRNAs"
0.92639287621349,"All miRNAs"
0.901189293607718,"All miRNAs"
0.823858640273512,"All miRNAs"
0.783888360754982,"All miRNAs"
0.814920892909496,"All miRNAs"
0.849363054159655,"All miRNAs"
0.643798777137956,"All miRNAs"
0.896473604363883,"All miRNAs"
0.386697840366125,"All miRNAs"
0.436935879414669,"All miRNAs"
0.923318980416605,"All miRNAs"
0.901821835400561,"All miRNAs"
0.477233126168828,"All miRNAs"
0.752805711616967,"All miRNAs"
0.969039026905037,"All miRNAs"
0.916197444028784,"All miRNAs"
0.963495473893832,"All miRNAs"
0.901268833505604,"All miRNAs"
0.889335422240506,"All miRNAs"
0.541465444784053,"All miRNAs"
0.604026773047152,"All miRNAs"
0.846038520366734,"All miRNAs"
0.789688314295307,"All miRNAs"
0.747988820875419,"All miRNAs"
0.788917181083829,"All miRNAs"
0.951021612362631,"All miRNAs"
0.787976616025706,"All miRNAs"
0.591221816204481,"All miRNAs"
0.897524086768648,"All miRNAs"
0.937378772992352,"All miRNAs"
0.875991641989769,"All miRNAs"
0.814535847770797,"All miRNAs"
0.447676243325111,"All miRNAs"
0.753045368025733,"All miRNAs"
0.947910182188179,"All miRNAs"
0.925827105086428,"All miRNAs"
0.946593742922797,"All miRNAs"
0.789828375480182,"All miRNAs"
0.656727406796834,"All miRNAs"
0.753148145873771,"All miRNAs"
0.810282479033977,"All miRNAs"
0.907840136337657,"All miRNAs"
0.922125509282579,"All miRNAs"
0.886793725884022,"All miRNAs"
0.970602504598217,"All miRNAs"
0.769527303567872,"All miRNAs"
0.785052947176403,"All miRNAs"
0.879238000749274,"All miRNAs"
0.822217207718875,"All miRNAs"
0.932563577927817,"All miRNAs"
0.927275211826211,"All miRNAs"
0.886783315618616,"All miRNAs"
0.856186921735121,"All miRNAs"
0.728708340991925,"All miRNAs"
0.857399560534868,"All miRNAs"
0.922612436235629,"All miRNAs"
0.940067083918439,"All miRNAs"
0.778927777252253,"All miRNAs"
0.740302977252906,"All miRNAs"
0.752718318901826,"All miRNAs"
0.616298872843542,"All miRNAs"
0.919163597995083,"All miRNAs"
0.931366238858215,"All miRNAs"
0.888646122900852,"All miRNAs"
0.94758021122627,"All miRNAs"
0.589651902485683,"All miRNAs"
0.883426834474417,"All miRNAs"
0.855524810713568,"All miRNAs"
0.900319935200862,"All miRNAs"
0.930502642587724,"All miRNAs"
0.488218300174309,"All miRNAs"
0.91361828026797,"All miRNAs"
0.822050547482622,"All miRNAs"
0.904171769883993,"All miRNAs"
0.818511795502092,"All miRNAs"
0.959275165302912,"All miRNAs"
0.766418521578176,"All miRNAs"
0.845879636709654,"All miRNAs"
0.862859941168175,"All miRNAs"
0.889598644124357,"All miRNAs"
0.625797193430925,"All miRNAs"
0.751136432291942,"All miRNAs"
0.835764590909669,"All miRNAs"
0.638656945971057,"All miRNAs"
0.81962969607833,"All miRNAs"
0.934947488180783,"All miRNAs"
0.846842564172829,"All miRNAs"
0.619837087828047,"All miRNAs"
0.798146935140864,"All miRNAs"
0.534423534523012,"All miRNAs"
0.994134466914103,"All miRNAs"
0.717113541945415,"All miRNAs"
0.634797639061008,"All miRNAs"
0.835629697765416,"All miRNAs"
0.916287114132169,"All miRNAs"
0.690625909697137,"All miRNAs"
0.957724148741254,"All miRNAs"
0.940944735984877,"All miRNAs"
0.74291673021191,"All miRNAs"
0.944640068477332,"All miRNAs"
0.859192911895805,"All miRNAs"
0.93110195564993,"All miRNAs"
0.78668942850891,"All miRNAs"
0.93292868753915,"All miRNAs"
0.805844801892916,"All miRNAs"
0.919551624693478,"All miRNAs"
0.984331476806106,"All miRNAs"
0.994135174365975,"All miRNAs"
0.906059055665081,"All miRNAs"
0.941206269426798,"All miRNAs"
0.488589078049706,"All miRNAs"
0.8457426575557,"All miRNAs"
0.85182143952579,"All miRNAs"
0.796697321984561,"All miRNAs"
0.598289315952035,"All miRNAs"
0.92179466063595,"All miRNAs"
0.77414451315478,"All miRNAs"
0.850650649926491,"All miRNAs"
0.948987499314388,"All miRNAs"
0.843572968954445,"All miRNAs"
0.880776874682612,"All miRNAs"
0.891356380492588,"All miRNAs"
0.920592443082365,"All miRNAs"
0.875046757186829,"All miRNAs"
0.57068938162333,"All miRNAs"
0.772331269901099,"All miRNAs"
0.531927599094196,"All miRNAs"
0.944406733410399,"All miRNAs"
0.826158538682451,"All miRNAs"
0.861959565591629,"All miRNAs"
0.673598920886543,"All miRNAs"
0.875860476078835,"All miRNAs"
0.931545996652039,"All miRNAs"
0.834753518892057,"All miRNAs"
0.853173720568986,"All miRNAs"
0.968046564383284,"All miRNAs"
0.977421564896951,"All miRNAs"
0.966535734871305,"All miRNAs"
0.588676855126157,"All miRNAs"
0.842328889889221,"All miRNAs"
0.646394432894424,"All miRNAs"
0.686315144862462,"All miRNAs"
0.753377336701146,"All miRNAs"
0.807234401349066,"All miRNAs"
0.810844061582078,"All miRNAs"
0.953192561045644,"All miRNAs"
0.602411631493573,"All miRNAs"
0.572574747371166,"All miRNAs"
0.742720698425948,"All miRNAs"
0.802164798432611,"All miRNAs"
0.533581583777805,"All miRNAs"
0.483101788559684,"All miRNAs"
0.968218149595642,"All miRNAs"
0.938235399380362,"All miRNAs"
0.877517604365095,"All miRNAs"
0.566175327059755,"All miRNAs"
0.578155327632971,"All miRNAs"
0.838548596710995,"All miRNAs"
0.719413469242824,"All miRNAs"
0.772804804689192,"All miRNAs"
0.908597256726507,"All miRNAs"
0.983041609514222,"All miRNAs"
0.839427659143882,"All miRNAs"
0.766261987587992,"All miRNAs"
0.626372856595821,"All miRNAs"
0.822465555587,"All miRNAs"
0.559479124043563,"All miRNAs"
0.650883707007281,"All miRNAs"
0.696724920313231,"All miRNAs"
0.642920354702026,"All miRNAs"
0.766561840668438,"All miRNAs"
0.625049302517055,"All miRNAs"
0.621822859823147,"All miRNAs"
0.894846502428182,"All miRNAs"
0.868204130158374,"All miRNAs"
0.652009837097057,"All miRNAs"
0.618849739266759,"All miRNAs"
0.719310333955249,"All miRNAs"
0.713432496006639,"All miRNAs"
0.65357345441622,"All miRNAs"
0.564226471005456,"All miRNAs"
0.883371332343185,"All miRNAs"
0.864583696837849,"All miRNAs"
0.66328440684086,"All miRNAs"
0.851274410003806,"All miRNAs"
0.886758093730552,"All miRNAs"
0.925850887365176,"All miRNAs"
0.67730809726871,"All miRNAs"
0.939809732454155,"All miRNAs"
0.810202363088367,"All miRNAs"
0.799711441718777,"All miRNAs"
0.752266898511101,"All miRNAs"
0.916380797164389,"All miRNAs"
0.821421627418795,"All miRNAs"
0.855444650418912,"All miRNAs"
0.685949841735765,"All miRNAs"
0.483128708078525,"All miRNAs"
0.716313105850789,"All miRNAs"
0.87351198330667,"All miRNAs"
0.713482710603583,"All miRNAs"
0.663874745037074,"All miRNAs"
0.713639581138308,"All miRNAs"
0.956775040923736,"All miRNAs"
0.83182305615236,"All miRNAs"
0.705582246030641,"All miRNAs"
0.648915679342569,"All miRNAs"
0.934187546252623,"All miRNAs"
0.621824659148853,"All miRNAs"
0.681345036967156,"All miRNAs"
0.641831658483443,"All miRNAs"
0.558282171528379,"All miRNAs"
0.853517823249278,"All miRNAs"
0.568118110296281,"All miRNAs"
0.753794415784882,"All miRNAs"
0.871931762380265,"All miRNAs"
0.801170839602411,"All miRNAs"
0.769782647919701,"All miRNAs"
0.75687336324084,"All miRNAs"
0.86601770717016,"All miRNAs"
0.844868669510458,"All miRNAs"
0.515021616769643,"All miRNAs"
0.668169134481834,"All miRNAs"
0.822767325511268,"All miRNAs"
0.788759608428859,"All miRNAs"
0.776202224340707,"All miRNAs"
0.662602858420514,"All miRNAs"
0.901078378231528,"All miRNAs"
0.872408802988474,"All miRNAs"
0.732649323868336,"All miRNAs"
0.894044153471869,"All miRNAs"
0.887678812834222,"All miRNAs"
0.623027185738019,"All miRNAs"
0.996572624367938,"All miRNAs"
0.586567107866681,"All miRNAs"
0.58382206243708,"All miRNAs"
0.626086135441376,"All miRNAs"
0.679927132234634,"All miRNAs"
0.62800570298296,"All miRNAs"
0.945031160358871,"All miRNAs"
0.902611710136486,"All miRNAs"
0.914479521538363,"All miRNAs"
0.819376599961573,"All miRNAs"
0.868561108441304,"All miRNAs"
0.797876516030359,"All miRNAs"
0.801496752439071,"All miRNAs"
0.859524896853922,"All miRNAs"
0.943231500738203,"All miRNAs"
0.975699215646581,"All miRNAs"
0.944586469196662,"All miRNAs"
0.880627043833861,"All miRNAs"
0.830255100488939,"All miRNAs"
0.845509925666462,"All miRNAs"
0.581504602545295,"All miRNAs"
0.711086379947997,"All miRNAs"
0.818771972034908,"All miRNAs"
0.778794608272672,"All miRNAs"
0.832774920443436,"All miRNAs"
0.838689808200883,"All miRNAs"
0.902834498544554,"All miRNAs"
0.651262368438236,"All miRNAs"
0.911253328436257,"All miRNAs"
0.940690986538046,"All miRNAs"
0.960927681326365,"All miRNAs"
0.603171283664244,"All miRNAs"
0.70582285183428,"All miRNAs"
0.880518887331203,"All miRNAs"
0.903638776307756,"All miRNAs"
0.911794513274511,"All miRNAs"
0.802880835327384,"All miRNAs"
0.928308153994201,"All miRNAs"
0.925029027666274,"All miRNAs"
0.846342630756891,"All miRNAs"
0.575624490424161,"All miRNAs"
0.487807669543666,"All miRNAs"
0.887585381588768,"All miRNAs"
0.890079227073576,"All miRNAs"
0.540881321201726,"All miRNAs"
0.919954524158456,"All miRNAs"
0.670587982094665,"All miRNAs"
0.449056794575083,"All miRNAs"
0.803252188142483,"All miRNAs"
0.951681310082306,"All miRNAs"
0.748308238924104,"All miRNAs"
0.858520456636251,"All miRNAs"
0.669756646154914,"All miRNAs"
0.804545400711234,"All miRNAs"
0.447628398729253,"All miRNAs"
0.807920925570104,"All miRNAs"
0.846559444133034,"All miRNAs"
0.841739982412039,"All miRNAs"
0.840759828288956,"All miRNAs"
0.76394413588507,"All miRNAs"
0.74978889923218,"All miRNAs"
0.472241798972855,"All miRNAs"
0.661660559246151,"All miRNAs"
0.658667474833096,"All miRNAs"
0.894880428779491,"All miRNAs"
0.656099263366689,"All miRNAs"
0.632165442349618,"All miRNAs"
0.697530444507873,"All miRNAs"
0.710367802541977,"All miRNAs"
0.813168530395131,"All miRNAs"
0.829774117665606,"All miRNAs"
0.654868629176873,"All miRNAs"
0.865520946297969,"All miRNAs"
0.709122220459365,"All miRNAs"
0.85906886869974,"All miRNAs"
0.892195982952135,"All miRNAs"
0.947729764241281,"All miRNAs"
0.559756098109394,"All miRNAs"
0.817867185245665,"All miRNAs"
0.887325879510164,"All miRNAs"
0.857181476183342,"All miRNAs"
0.776660718403403,"All miRNAs"
0.773381836925322,"All miRNAs"
0.518612633278011,"All miRNAs"
0.485029383768069,"All miRNAs"
0.738772035654693,"All miRNAs"
0.682024733434603,"All miRNAs"
0.84979900964811,"All miRNAs"
0.793877122036288,"All miRNAs"
0.727535549609256,"All miRNAs"
0.86677375287826,"All miRNAs"
0.818068960935922,"All miRNAs"
0.721933131549873,"All miRNAs"
0.636335816384318,"All miRNAs"
0.508918333773772,"All miRNAs"
0.863257224624187,"All miRNAs"
0.552132646701677,"All miRNAs"
0.993712727604862,"All miRNAs"
0.889663904325899,"All miRNAs"
0.600359624798577,"All miRNAs"
0.552962462239758,"All miRNAs"
0.779290039695769,"All miRNAs"
0.565409856847971,"All miRNAs"
0.585632628857694,"All miRNAs"
0.883559427907061,"All miRNAs"
0.8069684973119,"All miRNAs"
0.889884480699242,"All miRNAs"
0.721836354588679,"All miRNAs"
0.806059773034575,"All miRNAs"
0.784777266655221,"All miRNAs"
0.988025907129997,"All miRNAs"
0.92846255138041,"All miRNAs"
0.870482428801916,"All miRNAs"
0.884686948977378,"All miRNAs"
0.69190895194847,"All miRNAs"
0.557752553520037,"All miRNAs"
0.850254473945683,"All miRNAs"
0.918067141656919,"All miRNAs"
0.960012517953592,"All miRNAs"
0.761069245982055,"All miRNAs"
0.80213135629852,"All miRNAs"
0.702635540835582,"All miRNAs"
0.676134716268148,"All miRNAs"
0.633179868896967,"All miRNAs"
0.879624484039685,"All miRNAs"
0.584536382951832,"All miRNAs"
0.733873555551237,"All miRNAs"
0.854235811490976,"All miRNAs"
0.835618489983682,"All miRNAs"
0.892200650477009,"All miRNAs"
0.850110932624686,"All miRNAs"
0.801926188269475,"All miRNAs"
0.667390723905547,"All miRNAs"
0.907469145539796,"All miRNAs"
0.456706160835279,"All miRNAs"
0.917729307832282,"All miRNAs"
0.958182635207726,"All miRNAs"
0.772680592900822,"All miRNAs"
0.980766685894161,"All miRNAs"
0.976095770121915,"All miRNAs"
0.769254020147145,"All miRNAs"
0.91956756733546,"All miRNAs"
0.513586620084217,"All miRNAs"
0.597185250525776,"All miRNAs"
0.842935506126039,"All miRNAs"
0.952010227674745,"All miRNAs"
0.862148217394364,"All miRNAs"
0.774025509160619,"All miRNAs"
0.554453843152148,"All miRNAs"
0.618662184502848,"All miRNAs"
0.798115239671733,"All miRNAs"
0.8357920981019,"All miRNAs"
0.760884535510188,"All miRNAs"
0.838901799987551,"All miRNAs"
0.786012873636155,"All miRNAs"
0.804715037458313,"All miRNAs"
0.942814511718709,"All miRNAs"
0.930375490232235,"All miRNAs"
0.814676231101994,"All miRNAs"
0.954332845895472,"All miRNAs"
0.936146420886501,"All miRNAs"
0.861731574190644,"All miRNAs"
0.677660624318884,"All miRNAs"
0.517763722752456,"All miRNAs"
0.707818144432883,"All miRNAs"
0.867452087134594,"All miRNAs"
0.754981886231251,"All miRNAs"
0.715949435782486,"All miRNAs"
0.837211519489209,"All miRNAs"
0.781652196500128,"All miRNAs"
0.981893067290622,"All miRNAs"
0.50866418205809,"All miRNAs"
0.981746634744428,"All miRNAs"
0.578904912021645,"All miRNAs"
0.839902621671215,"All miRNAs"
0.646108166282428,"All miRNAs"
0.694731892988233,"All miRNAs"
0.763715211512852,"All miRNAs"
0.769636800469558,"All miRNAs"
0.706746993360912,"All miRNAs"
0.910010757461249,"All miRNAs"
0.879708762369263,"All miRNAs"
0.567443413258928,"All miRNAs"
0.937052492084237,"All miRNAs"
0.914842463377014,"All miRNAs"
0.917854917595568,"All miRNAs"
0.864170911268423,"All miRNAs"
0.930703773872357,"All miRNAs"
0.886149192915379,"All miRNAs"
0.90611287923407,"All miRNAs"
0.946864630504895,"All miRNAs"
0.956328913964422,"All miRNAs"
0.966877280267365,"All miRNAs"
0.890723714459631,"All miRNAs"
0.851227074529423,"All miRNAs"
0.890843351401919,"All miRNAs"
0.888701999613609,"All miRNAs"
0.787343532773972,"All miRNAs"
0.835710491472103,"All miRNAs"
0.948840506194283,"All miRNAs"
0.751602984939199,"All miRNAs"
0.760009796060241,"All miRNAs"
0.748896269908274,"All miRNAs"
0.906375428271207,"All miRNAs"
0.846209855202142,"All miRNAs"
0.793498634379773,"All miRNAs"
0.891998974482583,"All miRNAs"
0.813310206021132,"All miRNAs"
0.642740856664718,"All miRNAs"
0.972918607345983,"All miRNAs"
0.974278787099742,"All miRNAs"
0.660621080826032,"All miRNAs"
0.644983667731698,"All miRNAs"
0.929763648607298,"All miRNAs"
0.93514636881037,"All miRNAs"
0.823738678928828,"All miRNAs"
0.492519335886676,"All miRNAs"
0.581546646246859,"All miRNAs"
0.41455021629231,"All miRNAs"
0.602862199672489,"All miRNAs"
0.758271571958436,"All miRNAs"
0.687623355735273,"All miRNAs"
0.530085530346616,"All miRNAs"
0.715055130462217,"All miRNAs"
0.863116359290591,"All miRNAs"
0.871420742543292,"All miRNAs"
0.64719065398681,"All miRNAs"
0.728312272490024,"All miRNAs"
0.81347537705254,"All miRNAs"
0.771378729992221,"All miRNAs"
0.836471223752348,"All miRNAs"
0.714496719200582,"All miRNAs"
0.657966575880122,"All miRNAs"
0.617864499439527,"All miRNAs"
0.753909098774289,"All miRNAs"
0.62930115672698,"All miRNAs"
0.622037675591601,"All miRNAs"
0.68126041044181,"All miRNAs"
0.683857493539359,"All miRNAs"
0.682540178183704,"All miRNAs"
0.5756432341154,"All miRNAs"
0.652190676589663,"All miRNAs"
0.919427863007259,"All miRNAs"
0.881713544995525,"All miRNAs"
0.702142846479692,"All miRNAs"
0.788903405108368,"All miRNAs"
0.581422969238508,"All miRNAs"
0.600413876554947,"All miRNAs"
0.997111793415621,"All miRNAs"
0.997550377340847,"All miRNAs"
0.997348377896906,"All miRNAs"
0.99790120906939,"All miRNAs"
0.996359059355243,"All miRNAs"
0.875001318429304,"All miRNAs"
0.745778871005555,"All miRNAs"
0.987063025371998,"All miRNAs"
0.978773172987489,"All miRNAs"
0.99784101766469,"All miRNAs"
0.99698292108904,"All miRNAs"
0.997450265653964,"All miRNAs"
0.603706295785692,"All miRNAs"
0.749801642916429,"All miRNAs"
0.842335867342685,"All miRNAs"
0.899788767704477,"All miRNAs"
0.997270929928197,"All miRNAs"
0.99775427819068,"All miRNAs"
0.78995426503889,"All miRNAs"
0.698279047345287,"All miRNAs"
0.718097153077833,"All miRNAs"
0.95733385559124,"All miRNAs"
0.950577067788646,"All miRNAs"
0.997810752822485,"All miRNAs"
0.998290461706533,"All miRNAs"
0.997042869697299,"All miRNAs"
0.99735671931011,"All miRNAs"
0.998061777491798,"All miRNAs"
0.998366090625177,"All miRNAs"
0.997388200758259,"All miRNAs"
0.99433889028849,"All miRNAs"
0.996086115272696,"All miRNAs"
0.997480168493388,"All miRNAs"
0.985126149127832,"All miRNAs"
0.976148703502681,"All miRNAs"
0.89823887679885,"All miRNAs"
0.966318139240969,"All miRNAs"
0.96888814582707,"All miRNAs"
0.972602627551014,"All miRNAs"
0.972602627551014,"All miRNAs"
0.977165584694978,"All miRNAs"
0.872814731360521,"All miRNAs"
0.583414337428587,"All miRNAs"
0.474835100925208,"All miRNAs"
0.579756490443254,"All miRNAs"
0.646442405303627,"All miRNAs"
0.847226419430336,"All miRNAs"
0.969512280370456,"All miRNAs"
0.975774019531408,"All miRNAs"
0.946019421575123,"All miRNAs"
0.947058124746998,"All miRNAs"
0.988313536146233,"All miRNAs"
0.950754823793499,"All miRNAs"
0.954927318266607,"All miRNAs"
0.985685812696361,"All miRNAs"
0.98171844283538,"All miRNAs"
0.926979277442633,"All miRNAs"
0.95821778155275,"All miRNAs"
0.997240707749925,"All miRNAs"
0.841280650555131,"All miRNAs"
0.751410861235263,"All miRNAs"
0.691431114850849,"All miRNAs"
0.913522603824344,"All miRNAs"
0.977236601332352,"All miRNAs"
0.904967781435532,"All miRNAs"
0.952056551376381,"All miRNAs"
0.961713173136817,"All miRNAs"
0.947321639269817,"All miRNAs"
0.977035279296782,"All miRNAs"
0.975765953266374,"All miRNAs"
0.981716353088692,"All miRNAs"
0.961323168285807,"All miRNAs"
0.981716353088692,"All miRNAs"
0.976406938051043,"All miRNAs"
0.990614444580813,"All miRNAs"
0.96736799448966,"All miRNAs"
0.937997300138807,"All miRNAs"
0.98444106392106,"All miRNAs"
0.976536495020343,"All miRNAs"
0.987863384732246,"All miRNAs"
0.961713173136817,"All miRNAs"
0.987863384732246,"All miRNAs"
0.954927318266607,"All miRNAs"
0.966101647719743,"All miRNAs"
0.96537235453788,"All miRNAs"
0.959887074790188,"All miRNAs"
0.959425736809139,"All miRNAs"
0.991205557703436,"All miRNAs"
0.966738171904049,"All miRNAs"
0.988659113872098,"All miRNAs"
0.945662696825481,"All miRNAs"
0.941019458492344,"All miRNAs"
0.928789018693678,"All miRNAs"
0.981716353088692,"All miRNAs"
0.965797039512448,"All miRNAs"
0.981716353088692,"All miRNAs"
0.968844764196389,"All miRNAs"
0.953111994772285,"All miRNAs"
0.953428520676403,"All miRNAs"
0.927850343484981,"All miRNAs"
0.935413103806685,"All miRNAs"
0.954896996029842,"All miRNAs"
0.960088668045487,"All miRNAs"
0.91819810169971,"All miRNAs"
0.976068323611214,"All miRNAs"
0.54042852294807,"All miRNAs"
0.663027497906003,"All miRNAs"
0.916330535150984,"All miRNAs"
0.914082456610224,"All miRNAs"
0.946488488661339,"All miRNAs"
0.888761974434555,"All miRNAs"
0.858104491337575,"All miRNAs"
0.929046857955489,"All miRNAs"
0.869113580505774,"All miRNAs"
0.930354880859315,"All miRNAs"
0.58203280674997,"All miRNAs"
0.370550829716147,"All miRNAs"
0.373023137163267,"All miRNAs"
0.595709623384747,"All miRNAs"
0.816585347038495,"All miRNAs"
0.613284053730791,"All miRNAs"
0.533399372563684,"All miRNAs"
0.631391043759883,"All miRNAs"
0.748561889411808,"All miRNAs"
0.605438992885649,"All miRNAs"
0.813517151813218,"All miRNAs"
0.506904757193526,"All miRNAs"
0.677217106503062,"All miRNAs"
0.874662344811311,"All miRNAs"
0.918988657076685,"All miRNAs"
0.276201594494184,"All miRNAs"
0.73367231033307,"All miRNAs"
0.525023689876199,"All miRNAs"
0.649343479798441,"All miRNAs"
0.740015877146524,"All miRNAs"
0.86498625815353,"All miRNAs"
0.600456777653008,"All miRNAs"
0.645911845144977,"All miRNAs"
0.965315259230727,"All miRNAs"
0.848285970167847,"All miRNAs"
0.720250932922753,"All miRNAs"
0.585358367715194,"All miRNAs"
0.927210577012942,"All miRNAs"
0.544129072254837,"All miRNAs"
0.471254721214564,"All miRNAs"
0.542960252258334,"All miRNAs"
0.917248921762388,"All miRNAs"
0.71694817194383,"All miRNAs"
0.863783601009818,"All miRNAs"
0.710049636896812,"All miRNAs"
0.760448669596154,"All miRNAs"
0.669968073462349,"All miRNAs"
0.720055068711955,"All miRNAs"
0.494107679093255,"All miRNAs"
0.618350763545147,"All miRNAs"
0.767834818369839,"All miRNAs"
0.75775503359689,"All miRNAs"
0.581110092423239,"All miRNAs"
0.67753458995809,"All miRNAs"
0.529019775121819,"All miRNAs"
0.534517523988844,"All miRNAs"
0.551278662218789,"All miRNAs"
0.90654859739116,"All miRNAs"
0.768452179930812,"All miRNAs"
0.861677566137584,"All miRNAs"
0.60226838601738,"All miRNAs"
0.646965395419075,"All miRNAs"
0.576801666619716,"All miRNAs"
0.775460125894267,"All miRNAs"
0.607052544914676,"All miRNAs"
0.567805004654329,"All miRNAs"
0.608974140406204,"All miRNAs"
0.70100710880047,"All miRNAs"
0.737716139305838,"All miRNAs"
0.638503466537831,"All miRNAs"
0.655705814974273,"All miRNAs"
0.70364864238747,"All miRNAs"
0.578036028770875,"All miRNAs"
0.761623093418816,"All miRNAs"
0.750283252564114,"All miRNAs"
0.82351135456231,"All miRNAs"
0.545740226324245,"All miRNAs"
0.503380489927456,"All miRNAs"
0.870378034883359,"All miRNAs"
0.60266967864186,"All miRNAs"
0.491937781338218,"All miRNAs"
0.576874288089216,"All miRNAs"
0.869086040615737,"All miRNAs"
0.370150349094512,"All miRNAs"
0.776337674595552,"All miRNAs"
0.611156149979713,"All miRNAs"
0.540933995768619,"All miRNAs"
0.47805005334524,"All miRNAs"
0.721192625094306,"All miRNAs"
0.596673234050275,"All miRNAs"
0.826190969310997,"All miRNAs"
0.544801058857512,"All miRNAs"
0.691249603853685,"All miRNAs"
0.702256039087675,"All miRNAs"
0.770794174249648,"All miRNAs"
0.799416435296504,"All miRNAs"
0.728802507729157,"All miRNAs"
0.803528004806767,"All miRNAs"
0.671968030229531,"All miRNAs"
0.576560247599269,"All miRNAs"
0.925543071830785,"All miRNAs"
0.889961772942784,"All miRNAs"
0.719567735566507,"All miRNAs"
0.774691699710847,"All miRNAs"
0.930977632813206,"All miRNAs"
0.921329174021392,"All miRNAs"
0.851188939789922,"All miRNAs"
0.887101837022589,"All miRNAs"
0.780374141285985,"All miRNAs"
0.635151597106611,"All miRNAs"
0.722004994975841,"All miRNAs"
0.671298418527297,"All miRNAs"
0.822727743966029,"All miRNAs"
0.734362481752035,"All miRNAs"
0.774062116683367,"All miRNAs"
0.550780009677533,"All miRNAs"
0.596702630567779,"All miRNAs"
0.756888507076604,"All miRNAs"
0.862585134815443,"All miRNAs"
0.803892650959066,"All miRNAs"
0.951810088020383,"All miRNAs"
0.949729114439186,"All miRNAs"
0.720292544873112,"All miRNAs"
0.791781164032362,"All miRNAs"
0.802226091648394,"All miRNAs"
0.840930465258189,"All miRNAs"
0.729702575477598,"All miRNAs"
0.735070562137795,"All miRNAs"
0.938323079058819,"All miRNAs"
0.895348255757524,"All miRNAs"
0.986662069377153,"All miRNAs"
0.989164997691604,"All miRNAs"
0.864350439036143,"All miRNAs"
0.976730422953966,"All miRNAs"
0.994157941666162,"All miRNAs"
0.794146049583637,"All miRNAs"
0.888864251232377,"All miRNAs"
0.723795422396034,"All miRNAs"
0.822261793072005,"All miRNAs"
0.908186528553022,"All miRNAs"
0.866653383420557,"All miRNAs"
0.798135161661774,"All miRNAs"
0.910387797419346,"All miRNAs"
0.96394823421931,"All miRNAs"
0.719698480577081,"All miRNAs"
0.643472296691117,"All miRNAs"
0.762590258641429,"All miRNAs"
0.460931504750103,"All miRNAs"
0.894455519700705,"All miRNAs"
0.715846079973705,"All miRNAs"
0.719278439504675,"All miRNAs"
0.932142763157529,"All miRNAs"
0.775301653767507,"All miRNAs"
0.628046418498685,"All miRNAs"
0.527885593550347,"All miRNAs"
0.714189828315529,"All miRNAs"
0.542336016250829,"All miRNAs"
0.925047339059949,"All miRNAs"
0.317906132125973,"All miRNAs"
0.581138711353065,"All miRNAs"
0.384581084248493,"All miRNAs"
0.273056705742724,"All miRNAs"
0.905233915600205,"All miRNAs"
0.823087258852884,"All miRNAs"
0.888706625416664,"All miRNAs"
0.647458440824695,"All miRNAs"
0.972427905339365,"All miRNAs"
0.930110223693371,"All miRNAs"
0.510843427292853,"All miRNAs"
0.820178261790995,"All miRNAs"
0.903780107453685,"All miRNAs"
0.863131715391312,"All miRNAs"
0.692237359829705,"All miRNAs"
0.604478270511139,"All miRNAs"
0.543002938733734,"All miRNAs"
0.544482940497527,"All miRNAs"
0.922636773210503,"All miRNAs"
0.859741617982709,"All miRNAs"
0.827590941106228,"All miRNAs"
0.496229988925174,"All miRNAs"
0.53427087987156,"All miRNAs"
0.751786814974605,"All miRNAs"
0.823854712493984,"All miRNAs"
0.703158337508914,"All miRNAs"
0.641434356750838,"All miRNAs"
0.769836427998028,"All miRNAs"
0.773089950307706,"All miRNAs"
0.840937390604433,"All miRNAs"
0.551812102326296,"All miRNAs"
0.654024208932562,"All miRNAs"
0.835112961248608,"All miRNAs"
0.970366685113424,"All miRNAs"
0.780145930606313,"All miRNAs"
0.432939449982547,"All miRNAs"
0.742759879348268,"All miRNAs"
0.408827638989906,"All miRNAs"
0.468232520960544,"All miRNAs"
0.870257729945758,"All miRNAs"
0.617601124959679,"All miRNAs"
0.772609943203763,"All miRNAs"
0.847652535725052,"All miRNAs"
0.846731941556548,"All miRNAs"
0.812794341148566,"All miRNAs"
0.824710231784261,"All miRNAs"
0.765861626564775,"All miRNAs"
0.72524896144478,"All miRNAs"
0.832595049925314,"All miRNAs"
0.704344202994126,"All miRNAs"
0.977253646397801,"All miRNAs"
0.798292338738216,"All miRNAs"
0.926380432761378,"All miRNAs"
0.840320872201593,"All miRNAs"
0.980036549967213,"All miRNAs"
0.862514314432797,"All miRNAs"
0.955649293251865,"All miRNAs"
0.739329235312731,"All miRNAs"
0.959136610173078,"All miRNAs"
0.760097538316148,"All miRNAs"
0.883472252762881,"All miRNAs"
0.920996482321311,"All miRNAs"
0.814634039553423,"All miRNAs"
0.937853840758588,"All miRNAs"
0.946910151424779,"All miRNAs"
0.943476733254695,"All miRNAs"
0.872842730997825,"All miRNAs"
0.702984800093793,"All miRNAs"
0.688586870508224,"All miRNAs"
0.833815887211975,"All miRNAs"
0.816686903350944,"All miRNAs"
0.706630703751327,"All miRNAs"
0.917283856341177,"All miRNAs"
0.889784620021836,"All miRNAs"
0.866562071442568,"All miRNAs"
0.68331485687012,"All miRNAs"
0.732206790603227,"All miRNAs"
0.884605461836267,"All miRNAs"
0.773078929615441,"All miRNAs"
0.775547908566307,"All miRNAs"
0.870412206407178,"All miRNAs"
0.923072348127834,"All miRNAs"
0.647574816500287,"All miRNAs"
0.688191670112452,"All miRNAs"
0.949616668062453,"All miRNAs"
0.918125856582762,"All miRNAs"
0.493884438459394,"All miRNAs"
0.467397974340298,"All miRNAs"
0.700843658449051,"All miRNAs"
0.787378179419401,"All miRNAs"
0.656888077456762,"All miRNAs"
0.464516718098476,"All miRNAs"
0.92653336925385,"All miRNAs"
0.986890180327711,"All miRNAs"
0.73509227871658,"All miRNAs"
0.96551594489869,"All miRNAs"
0.708476433839881,"All miRNAs"
0.540302800651872,"All miRNAs"
0.662948005041519,"All miRNAs"
0.656309043487873,"All miRNAs"
0.740743362251116,"All miRNAs"
0.734615397187975,"All miRNAs"
0.530050499538861,"All miRNAs"
0.92006813527408,"All miRNAs"
0.953688406196136,"All miRNAs"
0.891366082445178,"All miRNAs"
0.846941420151006,"All miRNAs"
0.925480360859759,"All miRNAs"
0.908388896564947,"All miRNAs"
0.637698353813668,"All miRNAs"
0.571871267452035,"All miRNAs"
0.659153123330623,"All miRNAs"
0.68483886491595,"All miRNAs"
0.654519776934845,"All miRNAs"
0.62360104094714,"All miRNAs"
0.701794806318183,"All miRNAs"
0.713717629245915,"All miRNAs"
0.864463902880614,"All miRNAs"
0.916774650889756,"All miRNAs"
0.770255774303604,"All miRNAs"
0.862965780897971,"All miRNAs"
0.909630749532203,"All miRNAs"
0.666009885248937,"All miRNAs"
0.896261175020503,"All miRNAs"
0.656338046831095,"All miRNAs"
0.656039661357039,"All miRNAs"
0.674743944712222,"All miRNAs"
0.664204255796152,"All miRNAs"
0.981786758997709,"All miRNAs"
0.970681917379087,"All miRNAs"
0.62286818297809,"All miRNAs"
0.701725922464843,"All miRNAs"
0.622482676366475,"All miRNAs"
0.572891914697539,"All miRNAs"
0.910714443113777,"All miRNAs"
0.938784139481357,"All miRNAs"
0.738611364513016,"All miRNAs"
0.597855038509839,"All miRNAs"
0.528697946249879,"All miRNAs"
0.510589409183911,"All miRNAs"
0.538590615708806,"All miRNAs"
0.517871690061394,"All miRNAs"
0.579429841418575,"All miRNAs"
0.806767780581702,"All miRNAs"
0.608083724217377,"All miRNAs"
0.520733167911415,"All miRNAs"
0.822504276133368,"All miRNAs"
0.854358082264012,"All miRNAs"
0.628947398317763,"All miRNAs"
0.769243715581136,"All miRNAs"
0.745282871140003,"All miRNAs"
0.742289420827516,"All miRNAs"
0.885781925288946,"All miRNAs"
0.923278541427581,"All miRNAs"
0.935355995047925,"All miRNAs"
0.786516166441411,"All miRNAs"
0.646768987197435,"All miRNAs"
0.511129166536151,"All miRNAs"
0.719022876907319,"All miRNAs"
0.721237645011024,"All miRNAs"
0.944511274795861,"All miRNAs"
0.774166469529523,"All miRNAs"
0.849129018309395,"All miRNAs"
0.695918666839406,"All miRNAs"
0.471121467421335,"All miRNAs"
0.788897589727558,"All miRNAs"
0.754016648834429,"All miRNAs"
0.595348973562973,"All miRNAs"
0.96030085118699,"All miRNAs"
0.915377036433172,"All miRNAs"
0.993767575673235,"All miRNAs"
0.995770858563446,"All miRNAs"
0.511835955955359,"All miRNAs"
0.417487109745652,"All miRNAs"
0.907425891604381,"All miRNAs"
0.854568311711004,"All miRNAs"
0.680255663758835,"All miRNAs"
0.939686603893347,"All miRNAs"
0.906418950993733,"All miRNAs"
0.889233231496839,"All miRNAs"
0.817063124312857,"All miRNAs"
0.82480014157967,"All miRNAs"
0.695973327347011,"All miRNAs"
0.849616669783384,"All miRNAs"
0.73456566377449,"All miRNAs"
0.70014834320467,"All miRNAs"
0.590881047764946,"All miRNAs"
0.898981030931008,"All miRNAs"
0.880329682120959,"All miRNAs"
0.7348705782127,"All miRNAs"
0.476360793053547,"All miRNAs"
0.776179114793453,"All miRNAs"
0.684366012822343,"All miRNAs"
0.748920445391815,"All miRNAs"
0.876214377441164,"All miRNAs"
0.837785969703981,"All miRNAs"
0.653260125285537,"All miRNAs"
0.895547982881829,"All miRNAs"
0.83277198143616,"All miRNAs"
0.382127903410609,"All miRNAs"
0.602604156818268,"All miRNAs"
0.541304288652957,"All miRNAs"
0.748136679496232,"All miRNAs"
0.636873579281591,"All miRNAs"
0.875189564554493,"All miRNAs"
0.72668051498006,"All miRNAs"
0.37546220742923,"All miRNAs"
0.84060517455413,"All miRNAs"
0.750750308669328,"All miRNAs"
0.919066898606803,"All miRNAs"
0.620782196553268,"All miRNAs"
0.757190279936659,"All miRNAs"
0.800292812090864,"All miRNAs"
0.598202807595421,"All miRNAs"
0.57207117257312,"All miRNAs"
0.559279374525738,"All miRNAs"
0.683366414565204,"All miRNAs"
0.750828413977431,"All miRNAs"
0.545340827663055,"All miRNAs"
0.789651046712825,"All miRNAs"
0.917802157671441,"All miRNAs"
0.888396790829836,"All miRNAs"
0.836979943291955,"All miRNAs"
0.839943232144032,"All miRNAs"
0.446184173118946,"All miRNAs"
0.941625192178536,"All miRNAs"
0.609943618740628,"All miRNAs"
0.647647996315913,"All miRNAs"
0.51797637004767,"All miRNAs"
0.994726865040431,"All miRNAs"
0.813072262513791,"All miRNAs"
0.804641638592421,"All miRNAs"
0.634787617512936,"All miRNAs"
0.597433854722512,"All miRNAs"
0.651584648911508,"All miRNAs"
0.608730754720303,"All miRNAs"
0.662345413563361,"All miRNAs"
0.827946515557979,"All miRNAs"
0.90876758996562,"All miRNAs"
0.93083583284068,"All miRNAs"
0.683730395687655,"All miRNAs"
0.795514117767427,"All miRNAs"
0.786829607528046,"All miRNAs"
0.578649242872802,"All miRNAs"
0.737637774419453,"All miRNAs"
0.898398786922891,"All miRNAs"
0.680184132964515,"All miRNAs"
0.770839828445592,"All miRNAs"
0.636951039371687,"All miRNAs"
0.652147876605233,"All miRNAs"
0.929757742484797,"All miRNAs"
0.670772813391777,"All miRNAs"
0.785133563696262,"All miRNAs"
0.975783935883002,"All miRNAs"
0.889204045764343,"All miRNAs"
0.796862182410001,"All miRNAs"
0.705897467934934,"All miRNAs"
0.619743263053026,"All miRNAs"
0.639338933255762,"All miRNAs"
0.864108205161181,"All miRNAs"
0.752795403050941,"All miRNAs"
0.57085761982804,"All miRNAs"
0.547903814654591,"All miRNAs"
0.866644675134666,"All miRNAs"
0.924062686008688,"All miRNAs"
0.516681300281646,"All miRNAs"
0.81640941133067,"All miRNAs"
0.85095834840049,"All miRNAs"
0.869568799695741,"All miRNAs"
0.936066544059456,"All miRNAs"
0.906422108772642,"All miRNAs"
0.617668220824508,"All miRNAs"
0.674853216376986,"All miRNAs"
0.718751333734372,"All miRNAs"
0.691578466031643,"All miRNAs"
0.552528004051692,"All miRNAs"
0.721287863082935,"All miRNAs"
0.691824138381517,"All miRNAs"
0.877946915289023,"All miRNAs"
0.675979686949167,"All miRNAs"
0.858808786541372,"All miRNAs"
0.727188254472934,"All miRNAs"
0.808742870209075,"All miRNAs"
0.816910539024073,"All miRNAs"
0.952517309839883,"All miRNAs"
0.781076693746686,"All miRNAs"
0.887927559892075,"All miRNAs"
0.731314271769674,"All miRNAs"
0.684283384665628,"All miRNAs"
0.820864787546793,"All miRNAs"
0.783863499170765,"All miRNAs"
0.663996623637274,"All miRNAs"
0.607735054457842,"All miRNAs"
0.369780043893611,"All miRNAs"
0.771000380406892,"All miRNAs"
0.810202044365972,"All miRNAs"
0.525579765181073,"All miRNAs"
0.801774765044834,"All miRNAs"
0.68940694035719,"All miRNAs"
0.857918077899133,"All miRNAs"
0.835406881537287,"All miRNAs"
0.885088877122308,"All miRNAs"
0.792676458936617,"All miRNAs"
0.957156165122423,"All miRNAs"
0.742636815587871,"All miRNAs"
0.701674000169978,"All miRNAs"
0.498150274063567,"All miRNAs"
0.847609612108153,"All miRNAs"
0.65017417372063,"All miRNAs"
0.778256836704846,"All miRNAs"
0.781489112051763,"All miRNAs"
0.847917407340473,"All miRNAs"
0.611890174813421,"All miRNAs"
0.802388260763735,"All miRNAs"
0.857837499589674,"All miRNAs"
0.968392555383771,"All miRNAs"
0.907806673833272,"All miRNAs"
0.764919061709446,"All miRNAs"
0.912684942642854,"All miRNAs"
0.912716613569745,"All miRNAs"
0.47676961202651,"All miRNAs"
0.553906718700955,"All miRNAs"
0.976258459323001,"All miRNAs"
0.974060393830035,"All miRNAs"
0.745889792143765,"All miRNAs"
0.734444395221938,"All miRNAs"
0.84074878855985,"All miRNAs"
0.736170834224363,"All miRNAs"
0.89045181841859,"All miRNAs"
0.89378975080649,"All miRNAs"
0.656668940276502,"All miRNAs"
0.932561937022685,"All miRNAs"
0.57701729655073,"All miRNAs"
0.945105463889056,"All miRNAs"
0.791011570126438,"All miRNAs"
0.899676515623739,"All miRNAs"
0.684320308178922,"All miRNAs"
0.816045543390835,"All miRNAs"
0.443234624838702,"All miRNAs"
0.802878189379682,"All miRNAs"
0.529496384731076,"All miRNAs"
0.898425147857628,"All miRNAs"
0.833894094869072,"All miRNAs"
0.601096699217075,"All miRNAs"
0.980247313947368,"All miRNAs"
0.68512578588057,"All miRNAs"
0.578980202270112,"All miRNAs"
0.928957467422704,"All miRNAs"
0.815316566369227,"All miRNAs"
0.572129735193211,"All miRNAs"
0.712186049478298,"All miRNAs"
0.797547242028749,"All miRNAs"
0.807299537646641,"All miRNAs"
0.700900146746532,"All miRNAs"
0.843154385909777,"All miRNAs"
0.681226928294918,"All miRNAs"
0.671531060910372,"All miRNAs"
0.788663801081829,"All miRNAs"
0.771462355548153,"All miRNAs"
0.947957380213789,"All miRNAs"
0.824060707483357,"All miRNAs"
0.600666670474706,"All miRNAs"
0.789624331697422,"All miRNAs"
0.823941885335724,"All miRNAs"
0.800709889280242,"All miRNAs"
0.767445672028632,"All miRNAs"
0.737414956502727,"All miRNAs"
0.472312776570541,"All miRNAs"
0.455865474420271,"All miRNAs"
0.627483577534548,"All miRNAs"
0.903750026724529,"All miRNAs"
0.419868327663907,"All miRNAs"
0.491987671785813,"All miRNAs"
0.775575271659372,"All miRNAs"
0.669921452465964,"All miRNAs"
0.803094775847067,"All miRNAs"
0.76012453727267,"All miRNAs"
0.823634477533449,"All miRNAs"
0.616915292544293,"All miRNAs"
0.807897317001488,"All miRNAs"
0.593690151384314,"All miRNAs"
0.579567391273113,"All miRNAs"
0.545372224764003,"All miRNAs"
0.544099067814793,"All miRNAs"
0.793377003623775,"All miRNAs"
0.917938366265941,"All miRNAs"
0.928168523777953,"All miRNAs"
0.872250897466532,"All miRNAs"
0.874626138801845,"All miRNAs"
0.888318596812898,"All miRNAs"
0.932531078667832,"All miRNAs"
0.978779268351212,"All miRNAs"
0.691692322545595,"All miRNAs"
0.799564731169716,"All miRNAs"
0.708293160233112,"All miRNAs"
0.4067134198257,"All miRNAs"
0.697441231115901,"All miRNAs"
0.886605182262835,"All miRNAs"
0.771074959035824,"All miRNAs"
0.926534534391095,"All miRNAs"
0.954979038702699,"All miRNAs"
0.729967916103172,"All miRNAs"
0.502802362458202,"All miRNAs"
0.468140091955921,"All miRNAs"
0.764367282469648,"All miRNAs"
0.749751119639525,"All miRNAs"
0.739939507009034,"All miRNAs"
0.684110767483414,"All miRNAs"
0.811888397665513,"All miRNAs"
0.974625109705087,"All miRNAs"
0.967785137737004,"All miRNAs"
0.774243624444837,"All miRNAs"
0.643322682734962,"All miRNAs"
0.718603571955959,"All miRNAs"
0.648078006704193,"All miRNAs"
0.592573626405885,"All miRNAs"
0.663137570345272,"All miRNAs"
0.929732695289324,"All miRNAs"
0.777341122136885,"All miRNAs"
0.845177782245157,"All miRNAs"
0.607342168393823,"All miRNAs"
0.727793961352688,"All miRNAs"
0.807519819463314,"All miRNAs"
0.482700860396265,"All miRNAs"
0.764817263790243,"All miRNAs"
0.924017203490762,"All miRNAs"
0.829739261781095,"All miRNAs"
0.767267490994162,"All miRNAs"
0.62191160627883,"All miRNAs"
0.6189136364728,"All miRNAs"
0.807000968262661,"All miRNAs"
0.890773632942828,"All miRNAs"
0.859786907715531,"All miRNAs"
0.752387383461636,"All miRNAs"
0.513005792359948,"All miRNAs"
0.559489795252778,"All miRNAs"
0.827424829220724,"All miRNAs"
0.823170199119774,"All miRNAs"
0.777376108413492,"All miRNAs"
0.810967244404369,"All miRNAs"
0.608578429769093,"All miRNAs"
0.671845997624207,"All miRNAs"
0.92091603972303,"All miRNAs"
0.648895867344756,"All miRNAs"
0.827825928267502,"All miRNAs"
0.623106914100045,"All miRNAs"
0.644999649202158,"All miRNAs"
0.748281523901254,"All miRNAs"
0.890761598352916,"All miRNAs"
0.995090009985142,"All miRNAs"
0.892831615277048,"All miRNAs"
0.695390061086435,"All miRNAs"
0.797628976908109,"All miRNAs"
0.607351305619206,"All miRNAs"
0.609494976015289,"All miRNAs"
0.393314904204512,"All miRNAs"
0.962536850142323,"All miRNAs"
0.886962950752909,"All miRNAs"
0.574946003192653,"All miRNAs"
0.953386107126911,"All miRNAs"
0.706865319080141,"All miRNAs"
0.768237812103791,"All miRNAs"
0.869591161567199,"All miRNAs"
0.606149024020832,"All miRNAs"
0.696488711744698,"All miRNAs"
0.791519789216701,"All miRNAs"
0.846827718642461,"All miRNAs"
0.469322306934468,"All miRNAs"
0.731226093670043,"All miRNAs"
0.759668372872375,"All miRNAs"
0.748641998132398,"All miRNAs"
0.705563191888917,"All miRNAs"
0.862754351130478,"All miRNAs"
0.663859410811954,"All miRNAs"
0.417148342439313,"All miRNAs"
0.913807016949583,"All miRNAs"
0.607159816995569,"All miRNAs"
0.51455106322171,"All miRNAs"
0.95643319666354,"All miRNAs"
0.868696627419203,"All miRNAs"
0.742155833641863,"All miRNAs"
0.829524422060711,"All miRNAs"
0.777469933001067,"All miRNAs"
0.765893982365031,"All miRNAs"
0.602055390191064,"All miRNAs"
0.813703842025742,"All miRNAs"
0.814816186057639,"All miRNAs"
0.755482581460972,"All miRNAs"
0.573365339928451,"All miRNAs"
0.678837399164931,"All miRNAs"
0.579450748125016,"All miRNAs"
0.789975284883489,"All miRNAs"
0.719986493673643,"All miRNAs"
0.901200755517757,"All miRNAs"
0.905339162720895,"All miRNAs"
0.753843766389974,"All miRNAs"
0.704380069079123,"All miRNAs"
0.841115027119757,"All miRNAs"
0.736307573129031,"All miRNAs"
0.753487210535185,"All miRNAs"
0.867140389963054,"All miRNAs"
0.900917488084159,"All miRNAs"
0.972767485472889,"All miRNAs"
0.787263755663779,"All miRNAs"
0.682971745885611,"All miRNAs"
0.915166827980289,"All miRNAs"
0.425678721418671,"All miRNAs"
0.496169844050915,"All miRNAs"
0.814851351639946,"All miRNAs"
0.655658020760021,"All miRNAs"
0.940409401434565,"All miRNAs"
0.972790449422311,"All miRNAs"
0.729988851243653,"All miRNAs"
0.768096483476561,"All miRNAs"
0.777744420415138,"All miRNAs"
0.975242746388667,"All miRNAs"
0.888953879274126,"All miRNAs"
0.856284763078497,"All miRNAs"
0.768795127509079,"All miRNAs"
0.825217115713431,"All miRNAs"
0.67139697033228,"All miRNAs"
0.844916825893563,"All miRNAs"
0.966509346633875,"All miRNAs"
0.799589955665895,"All miRNAs"
0.944828540774573,"All miRNAs"
0.727352768149139,"All miRNAs"
0.839495475506866,"All miRNAs"
0.785896943667266,"All miRNAs"
0.558445473291607,"All miRNAs"
0.704645260463284,"All miRNAs"
0.737049805242339,"All miRNAs"
0.865608324455049,"All miRNAs"
0.835607637712595,"All miRNAs"
0.927576124632714,"All miRNAs"
0.90403533380504,"All miRNAs"
0.710044332156063,"All miRNAs"
0.68126485048247,"All miRNAs"
0.854527281925776,"All miRNAs"
0.856459314079036,"All miRNAs"
0.991058841162121,"All miRNAs"
0.98273243973575,"All miRNAs"
0.958211949492234,"All miRNAs"
0.942883790890577,"All miRNAs"
0.993925626797725,"All miRNAs"
0.963615701956885,"All miRNAs"
0.996946691621795,"All miRNAs"
0.991150282197159,"All miRNAs"
0.933961626093702,"All miRNAs"
0.787647285190358,"All miRNAs"
0.741492195114647,"All miRNAs"
0.892105615841389,"All miRNAs"
0.954703434181323,"All miRNAs"
0.904270310187005,"All miRNAs"
0.948970975429038,"All miRNAs"
0.61240965550092,"All miRNAs"
0.768693952586127,"All miRNAs"
0.883714453891564,"All miRNAs"
0.954661805786691,"All miRNAs"
0.949428850412875,"All miRNAs"
0.903014449383216,"All miRNAs"
0.850378336127485,"All miRNAs"
0.980831208778096,"All miRNAs"
0.865852512329522,"All miRNAs"
0.715264741492879,"All miRNAs"
0.736285779841621,"All miRNAs"
0.593982170269462,"All miRNAs"
0.732105272493702,"All miRNAs"
0.739143236027926,"All miRNAs"
0.899293088325004,"All miRNAs"
0.598724683965169,"All miRNAs"
0.69861170587097,"All miRNAs"
0.896251002968644,"All miRNAs"
0.919898266963842,"All miRNAs"
0.845634116231159,"All miRNAs"
0.90061337008398,"All miRNAs"
0.764325975350963,"All miRNAs"
0.875811473848404,"All miRNAs"
0.604591794850166,"All miRNAs"
0.81002933336266,"All miRNAs"
0.917418247652655,"All miRNAs"
0.916253570208205,"All miRNAs"
0.790275224816813,"All miRNAs"
0.617730339939842,"All miRNAs"
0.538616898441881,"All miRNAs"
0.926367883131384,"All miRNAs"
0.997803602925808,"All miRNAs"
0.650520062385996,"All miRNAs"
0.989880455065161,"All miRNAs"
0.886687508255782,"All miRNAs"
0.710531826273226,"All miRNAs"
0.947449801114458,"All miRNAs"
0.900872533843773,"All miRNAs"
0.852647812711508,"All miRNAs"
0.817409819951315,"All miRNAs"
0.658107945562126,"All miRNAs"
0.951856722275947,"All miRNAs"
0.909524951751576,"All miRNAs"
0.645313735802526,"All miRNAs"
0.511883838782477,"All miRNAs"
0.9365640662947,"All miRNAs"
0.929247984549545,"All miRNAs"
0.631741360022542,"All miRNAs"
0.590571946016488,"All miRNAs"
0.984056681933953,"All miRNAs"
0.986175058288162,"All miRNAs"
0.887448828023204,"All miRNAs"
0.896800117581145,"All miRNAs"
0.984182923839471,"All miRNAs"
0.987648179001505,"All miRNAs"
0.987865769585829,"All miRNAs"
0.975063695082437,"All miRNAs"
0.979948157097125,"All miRNAs"
0.962809792583284,"All miRNAs"
0.982416612478801,"All miRNAs"
0.982949875072311,"All miRNAs"
0.974352915754055,"All miRNAs"
0.975892696940234,"All miRNAs"
0.661679092079227,"All miRNAs"
0.791222365764548,"All miRNAs"
0.458944505965559,"All miRNAs"
0.881007689476416,"All miRNAs"
0.730725803671886,"All miRNAs"
0.767503230689108,"All miRNAs"
0.733080680569764,"All miRNAs"
0.819652793847327,"All miRNAs"
0.922993054172892,"All miRNAs"
0.971011238095193,"All miRNAs"
0.98895537195817,"All miRNAs"
0.850905697946789,"All miRNAs"
0.749494914393871,"All miRNAs"
0.870706501248497,"All miRNAs"
0.581545355821987,"All miRNAs"
0.464076447387,"All miRNAs"
0.770797086121401,"All miRNAs"
0.472738840630714,"All miRNAs"
0.682452026697333,"All miRNAs"
0.687920934481086,"All miRNAs"
0.622243931985338,"All miRNAs"
0.935735257747488,"All miRNAs"
0.913427103168446,"All miRNAs"
0.914372317157794,"All miRNAs"
0.823382447367583,"All miRNAs"
0.766896584342099,"All miRNAs"
0.460558759837811,"All miRNAs"
0.513645772909612,"All miRNAs"
0.828985744320492,"All miRNAs"
0.746905366231268,"All miRNAs"
0.839938640023368,"All miRNAs"
0.906341617712376,"All miRNAs"
0.698110425929397,"All miRNAs"
0.929074895929418,"All miRNAs"
0.553353958828273,"All miRNAs"
0.79550017943554,"All miRNAs"
0.604700123498166,"All miRNAs"
0.697866513117117,"All miRNAs"
0.505159239756543,"All miRNAs"
0.446841178574406,"All miRNAs"
0.825516825791791,"Signature miRNAs"
0.832699733856489,"Signature miRNAs"
0.804050409566261,"Signature miRNAs"
0.794640840075806,"Signature miRNAs"
0.681187654214286,"Signature miRNAs"
0.950988755602564,"Signature miRNAs"
0.890843351401918,"Signature miRNAs"
0.810573003588257,"Signature miRNAs"
0.851895505077779,"Signature miRNAs"
0.913698320978883,"Signature miRNAs"
0.925021185415181,"Signature miRNAs"
0.869804261674989,"Signature miRNAs"
0.961167405373449,"Signature miRNAs"
0.785314939283526,"Signature miRNAs"
0.70906830810837,"Signature miRNAs"
0.868661761003254,"Signature miRNAs"
0.70528807831233,"Signature miRNAs"
0.971793270985236,"Signature miRNAs"
0.968541299724017,"Signature miRNAs"
0.754174280352961,"Signature miRNAs"
0.974701109884738,"Signature miRNAs"
0.778197189149748,"Signature miRNAs"
0.802982675239271,"Signature miRNAs"
0.719978063333528,"Signature miRNAs"
0.768970180940517,"Signature miRNAs"
0.863969315928436,"Signature miRNAs"
0.677079921421848,"Signature miRNAs"
0.89237650834485,"Signature miRNAs"
0.937774673625551,"Signature miRNAs"
0.918176596874458,"Signature miRNAs"
0.918479213487771,"Signature miRNAs"
0.916651080275944,"Signature miRNAs"
0.931498751614514,"Signature miRNAs"
0.8536663441153,"Signature miRNAs"
0.919014591627144,"Signature miRNAs"
0.90590419704867,"Signature miRNAs"
0.794223617746833,"Signature miRNAs"
0.923318980416605,"Signature miRNAs"
0.880776874682612,"Signature miRNAs"
0.891356380492588,"Signature miRNAs"
0.821421627418795,"Signature miRNAs"
0.855444650418912,"Signature miRNAs"
0.87351198330667,"Signature miRNAs"
0.86601770717016,"Signature miRNAs"
0.844868669510458,"Signature miRNAs"
0.917854917595568,"Signature miRNAs"
0.864170911268424,"Signature miRNAs"
0.93514636881037,"Signature miRNAs"
0.881713544995524,"Signature miRNAs"
0.925047339059949,"Signature miRNAs"
0.832595049925314,"Signature miRNAs"
0.68331485687012,"Signature miRNAs"
0.864463902880614,"Signature miRNAs"
0.916774650889756,"Signature miRNAs"
0.865608324455049,"Signature miRNAs"
0.913427103168446,"Signature miRNAs"
0.877926765412261,"Signature miRNAs"
0.678543943092501,"Signature miRNAs"
0.598512490929284,"Signature miRNAs"
0.630066707359468,"Signature miRNAs"
0.628486559415792,"Signature miRNAs"
0.68512578588057,"Signature miRNAs"
0.583104683314385,"Signature miRNAs"
0.617541438303562,"Signature miRNAs"
0.592977160936498,"Signature miRNAs"
0.54027074752017,"Signature miRNAs"
0.489337091368508,"Signature miRNAs"
0.877536658823974,"Signature miRNAs"
0.966318139240969,"Signature miRNAs"
0.697866513117116,"Signature miRNAs"
0.693054240900003,"Signature miRNAs"
0.776558600489718,"Signature miRNAs"
0.604956267298501,"Signature miRNAs"
0.662948005041519,"Signature miRNAs"
0.967275728855712,"Signature miRNAs"
0.762039289026839,"Signature miRNAs"
0.800506925903225,"Signature miRNAs"
0.901699029490918,"Signature miRNAs"
0.870245380984411,"Signature miRNAs"
0.807740385997597,"Signature miRNAs"
0.726207118157963,"Signature miRNAs"
0.853173720568986,"Signature miRNAs"
0.889784620021836,"Signature miRNAs"
0.925480360859759,"Signature miRNAs"
0.797547242028749,"Signature miRNAs"
0.902116888078963,"Signature miRNAs"
0.872593431787377,"Signature miRNAs"
0.659249375617309,"Signature miRNAs"
0.722563787758824,"Signature miRNAs"
0.772783672765552,"Signature miRNAs"
0.793492020813384,"Signature miRNAs"
0.788038365491502,"Signature miRNAs"
0.749349118289498,"Signature miRNAs"
0.960126068178654,"Signature miRNAs"
0.976219330793083,"Signature miRNAs"
0.949838186535608,"Signature miRNAs"
0.955179541475836,"Signature miRNAs"
0.735768447643302,"Signature miRNAs"
0.762055180395379,"Signature miRNAs"
0.78833887313239,"Signature miRNAs"
0.830136517255601,"Signature miRNAs"
0.932563577927817,"Signature miRNAs"
0.927275211826211,"Signature miRNAs"
0.772331269901099,"Signature miRNAs"
0.813168530395131,"Signature miRNAs"
0.829774117665605,"Signature miRNAs"
0.847226419430336,"Signature miRNAs"
0.760097538316148,"Signature miRNAs"
0.77307892961544,"Signature miRNAs"
0.819652793847327,"Signature miRNAs"
0.687920934481087,"Signature miRNAs"
0.992749234486699,"Signature miRNAs"
0.979588424713551,"Signature miRNAs"
0.922248398267451,"Signature miRNAs"
0.972610033818008,"Signature miRNAs"
0.884970900961165,"Signature miRNAs"
0.679679932447498,"Signature miRNAs"
0.883426834474417,"Signature miRNAs"
0.72953980617418,"Signature miRNAs"
0.765487966255259,"Signature miRNAs"
0.807088999276368,"Signature miRNAs"
0.862779045509584,"Signature miRNAs"
0.74380523064275,"Signature miRNAs"
0.867121141621573,"Signature miRNAs"
0.6899073565744,"Signature miRNAs"
0.915587517051662,"Signature miRNAs"
0.972526697033217,"Signature miRNAs"
0.933913575480279,"Signature miRNAs"
0.880497295996072,"Signature miRNAs"
0.869254977319233,"Signature miRNAs"
0.824246938181348,"Signature miRNAs"
0.924329779571363,"Signature miRNAs"
0.912403856853111,"Signature miRNAs"
0.842126450351436,"Signature miRNAs"
0.973976153152504,"Signature miRNAs"
0.809615512435461,"Signature miRNAs"
0.831720815630874,"Signature miRNAs"
0.768645845600884,"Signature miRNAs"
0.736345763079513,"Signature miRNAs"
0.768869890355024,"Signature miRNAs"
0.901821835400561,"Signature miRNAs"
0.846038520366734,"Signature miRNAs"
0.769527303567871,"Signature miRNAs"
0.875046757186829,"Signature miRNAs"
0.657966575880122,"Signature miRNAs"
0.99790120906939,"Signature miRNAs"
0.99698292108904,"Signature miRNAs"
0.997388200758259,"Signature miRNAs"
0.858104491337575,"Signature miRNAs"
0.895348255757524,"Signature miRNAs"
0.721237645011024,"Signature miRNAs"
0.991036555439679,"Signature miRNAs"
0.899741895028104,"Signature miRNAs"
0.888002129519275,"Signature miRNAs"
0.653873300190232,"Signature miRNAs"
0.719413469242825,"Signature miRNAs"
0.910010757461249,"Signature miRNAs"
0.879708762369264,"Signature miRNAs"
0.851188939789922,"Signature miRNAs"
0.887101837022589,"Signature miRNAs"
0.844916825893563,"Signature miRNAs"
0.9365640662947,"Signature miRNAs"
0.929247984549545,"Signature miRNAs"
0.922585060940343,"Signature miRNAs"
0.933149410498806,"Signature miRNAs"
0.878482216548283,"Signature miRNAs"
0.776123657943939,"Signature miRNAs"
0.894546678077888,"Signature miRNAs"
0.902982926434912,"Signature miRNAs"
0.903765538293506,"Signature miRNAs"
0.718097153077832,"Signature miRNAs"
0.754494646109693,"Signature miRNAs"
0.941234970835361,"Signature miRNAs"
0.875009057299183,"Signature miRNAs"
0.70399998944175,"Signature miRNAs"
0.766418521578176,"Signature miRNAs"
0.945271215449729,"Signature miRNAs"
0.812969913117086,"Signature miRNAs"
0.847954309624419,"Signature miRNAs"
0.928675838975799,"Signature miRNAs"
0.82407584780474,"Signature miRNAs"
0.836059845829605,"Signature miRNAs"
0.946904305128427,"Signature miRNAs"
0.938965289260376,"Signature miRNAs"
0.946046454616064,"Signature miRNAs"
0.832518329991148,"Signature miRNAs"
0.89878189740969,"Signature miRNAs"
0.789742079933894,"Signature miRNAs"
0.746582458180637,"Signature miRNAs"
0.847778708671783,"Signature miRNAs"
0.830874204155749,"Signature miRNAs"
0.793906507981012,"Signature miRNAs"
0.827757762902174,"Signature miRNAs"
0.798036848801508,"Signature miRNAs"
0.797800828384463,"Signature miRNAs"
0.844033805992826,"Signature miRNAs"
0.788930653087014,"Signature miRNAs"
0.96101689534043,"Signature miRNAs"
0.976793761988328,"Signature miRNAs"
0.94849022143466,"Signature miRNAs"
0.942406635699712,"Signature miRNAs"
0.936752915522765,"Signature miRNAs"
0.920671918202374,"Signature miRNAs"
0.920293448799013,"Signature miRNAs"
0.742073790769977,"Signature miRNAs"
0.783380805510073,"Signature miRNAs"
0.778611747036042,"Signature miRNAs"
0.897498617039057,"Signature miRNAs"
0.88330347725515,"Signature miRNAs"
0.819214006539234,"Signature miRNAs"
0.800088586535011,"Signature miRNAs"
0.835395394797039,"Signature miRNAs"
0.956319766513362,"Signature miRNAs"
0.777204144149515,"Signature miRNAs"
0.778827764774926,"Signature miRNAs"
0.849833298250869,"Signature miRNAs"
0.92639287621349,"Signature miRNAs"
0.823858640273513,"Signature miRNAs"
0.783888360754982,"Signature miRNAs"
0.849363054159655,"Signature miRNAs"
0.951021612362631,"Signature miRNAs"
0.875991641989769,"Signature miRNAs"
0.947910182188179,"Signature miRNAs"
0.888646122900852,"Signature miRNAs"
0.937052492084237,"Signature miRNAs"
0.914842463377014,"Signature miRNAs"
0.930703773872357,"Signature miRNAs"
0.886149192915379,"Signature miRNAs"
0.90611287923407,"Signature miRNAs"
0.946864630504895,"Signature miRNAs"
0.835710491472103,"Signature miRNAs"
0.846209855202141,"Signature miRNAs"
0.891998974482584,"Signature miRNAs"
0.916330535150984,"Signature miRNAs"
0.914082456610224,"Signature miRNAs"
0.946488488661339,"Signature miRNAs"
0.869113580505774,"Signature miRNAs"
0.949729114439186,"Signature miRNAs"
0.840937390604433,"Signature miRNAs"
0.847652535725051,"Signature miRNAs"
0.787378179419401,"Signature miRNAs"
0.885781925288946,"Signature miRNAs"
0.96030085118699,"Signature miRNAs"
0.972790449422311,"Signature miRNAs"
0.729988851243653,"Signature miRNAs"
0.787647285190358,"Signature miRNAs"
0.741492195114647,"Signature miRNAs"
0.892105615841389,"Signature miRNAs"
0.904270310187004,"Signature miRNAs"
0.850378336127485,"Signature miRNAs"
0.947449801114458,"Signature miRNAs"
0.900872533843773,"Signature miRNAs"
0.852647812711508,"Signature miRNAs"
0.887448828023204,"Signature miRNAs"
0.974352915754055,"Signature miRNAs"
0.975892696940234,"Signature miRNAs"
0.881007689476417,"Signature miRNAs"
