"heart","yr_dif","fit","lwr","upr"
1.34275402379566,-10,1.34955529236194,1.1275710083557,1.57153957636818
1.25807967330252,-10,1.34955529236194,1.1275710083557,1.57153957636818
3.60763628068729,-10,1.34955529236194,1.1275710083557,1.57153957636818
1.61871719548608,-10,1.34955529236194,1.1275710083557,1.57153957636818
1.41375017462655,-10,1.34955529236194,1.1275710083557,1.57153957636818
1.47967106604959,-10,1.34955529236194,1.1275710083557,1.57153957636818
1.68090030687564,-10,1.34955529236194,1.1275710083557,1.57153957636818
0.205194104763113,-10,1.34955529236194,1.1275710083557,1.57153957636818
0.47356584647491,-10,1.34955529236194,1.1275710083557,1.57153957636818
1.41811228212311,-10,1.34955529236194,1.1275710083557,1.57153957636818
1.48643031647605,-9,1.35884005079785,1.17437112741572,1.54330897417999
1.43911322400806,-9,1.35884005079785,1.17437112741572,1.54330897417999
1.83001545744989,-9,1.35884005079785,1.17437112741572,1.54330897417999
1.08165370430857,-9,1.35884005079785,1.17437112741572,1.54330897417999
1.69548575772457,-9,1.35884005079785,1.17437112741572,1.54330897417999
0.997760488432758,-9,1.35884005079785,1.17437112741572,1.54330897417999
1.74924199404878,-9,1.35884005079785,1.17437112741572,1.54330897417999
0.618160516651424,-9,1.35884005079785,1.17437112741572,1.54330897417999
1.35540659361953,-9,1.35884005079785,1.17437112741572,1.54330897417999
0.268833588553768,-8,1.36812480923377,1.21838934878707,1.51786026968047
0.836971132791209,-8,1.36812480923377,1.21838934878707,1.51786026968047
1.28055992019072,-8,1.36812480923377,1.21838934878707,1.51786026968047
1.42566677699358,-7,1.37740956766968,1.25718978722557,1.49762934811379
1.79006752945541,-7,1.37740956766968,1.25718978722557,1.49762934811379
1.06670441165436,-7,1.37740956766968,1.25718978722557,1.49762934811379
1.00311549986651,-7,1.37740956766968,1.25718978722557,1.49762934811379
1.33177474219784,-7,1.37740956766968,1.25718978722557,1.49762934811379
2.5892947012357,-7,1.37740956766968,1.25718978722557,1.49762934811379
1.56995840725551,-7,1.37740956766968,1.25718978722557,1.49762934811379
1.11942898105022,-7,1.37740956766968,1.25718978722557,1.49762934811379
1.81159722199287,-7,1.37740956766968,1.25718978722557,1.49762934811379
1.09695125094086,-7,1.37740956766968,1.25718978722557,1.49762934811379
1.58505218746174,-7,1.37740956766968,1.25718978722557,1.49762934811379
1.19736711119969,-7,1.37740956766968,1.25718978722557,1.49762934811379
2.30064948937484,-7,1.37740956766968,1.25718978722557,1.49762934811379
1.29168376566936,-7,1.37740956766968,1.25718978722557,1.49762934811379
1.32090281742967,-7,1.37740956766968,1.25718978722557,1.49762934811379
0.943639411530263,-7,1.37740956766968,1.25718978722557,1.49762934811379
1.27367226407832,-7,1.37740956766968,1.25718978722557,1.49762934811379
1.39979451699437,-6,1.3866943261056,1.28607103765658,1.48731761455462
0.0781051368350929,-6,1.3866943261056,1.28607103765658,1.48731761455462
1.32383070628988,-6,1.3866943261056,1.28607103765658,1.48731761455462
1.46028215454492,-6,1.3866943261056,1.28607103765658,1.48731761455462
1.78753283922622,-6,1.3866943261056,1.28607103765658,1.48731761455462
1.18255840942122,-6,1.3866943261056,1.28607103765658,1.48731761455462
0.949508631793628,-6,1.3866943261056,1.28607103765658,1.48731761455462
0.927587577655266,-6,1.3866943261056,1.28607103765658,1.48731761455462
0.841481525639849,-6,1.3866943261056,1.28607103765658,1.48731761455462
1.24108983450364,-6,1.3866943261056,1.28607103765658,1.48731761455462
2.16774620592294,-6,1.3866943261056,1.28607103765658,1.48731761455462
1.4286969385269,-6,1.3866943261056,1.28607103765658,1.48731761455462
2.97479580470441,-6,1.3866943261056,1.28607103765658,1.48731761455462
0.822062968264121,-6,1.3866943261056,1.28607103765658,1.48731761455462
2.30685680474407,-6,1.3866943261056,1.28607103765658,1.48731761455462
1.50541861612895,-6,1.3866943261056,1.28607103765658,1.48731761455462
1.62799182183187,-6,1.3866943261056,1.28607103765658,1.48731761455462
1.40629715223004,-6,1.3866943261056,1.28607103765658,1.48731761455462
1.75573921227678,-6,1.3866943261056,1.28607103765658,1.48731761455462
1.13095092747097,-5,1.39597908454151,1.29883249520364,1.49312567387939
1.6594303988395,-5,1.39597908454151,1.29883249520364,1.49312567387939
1.38947808975349,-5,1.39597908454151,1.29883249520364,1.49312567387939
1.69961652199555,-5,1.39597908454151,1.29883249520364,1.49312567387939
1.34700550816722,-5,1.39597908454151,1.29883249520364,1.49312567387939
1.08099569662906,-5,1.39597908454151,1.29883249520364,1.49312567387939
1.982356105692,-5,1.39597908454151,1.29883249520364,1.49312567387939
1.07686591584117,-5,1.39597908454151,1.29883249520364,1.49312567387939
0.14665654018961,-5,1.39597908454151,1.29883249520364,1.49312567387939
1.76930199657215,-5,1.39597908454151,1.29883249520364,1.49312567387939
0.429845974925075,-5,1.39597908454151,1.29883249520364,1.49312567387939
1.08111739005473,-5,1.39597908454151,1.29883249520364,1.49312567387939
0.463008571922076,-5,1.39597908454151,1.29883249520364,1.49312567387939
0.872964345341747,-5,1.39597908454151,1.29883249520364,1.49312567387939
1.32260171399151,-4,1.40526384297743,1.29395330198921,1.51657438396565
2.21784342781623,-4,1.40526384297743,1.29395330198921,1.51657438396565
1.45603064068591,-4,1.40526384297743,1.29395330198921,1.51657438396565
1.2381848899659,-4,1.40526384297743,1.29395330198921,1.51657438396565
0.818700697522604,-4,1.40526384297743,1.29395330198921,1.51657438396565
1.20541509882961,-4,1.40526384297743,1.29395330198921,1.51657438396565
1.52452267744793,-4,1.40526384297743,1.29395330198921,1.51657438396565
1.54361545012386,-4,1.40526384297743,1.29395330198921,1.51657438396565
1.15041004934477,-4,1.40526384297743,1.29395330198921,1.51657438396565
1.59020395582673,-4,1.40526384297743,1.29395330198921,1.51657438396565
1.54883757410192,-4,1.40526384297743,1.29395330198921,1.51657438396565
2.15309019585675,-4,1.40526384297743,1.29395330198921,1.51657438396565
1.27696697574871,-4,1.40526384297743,1.29395330198921,1.51657438396565
0.798641923112083,-4,1.40526384297743,1.29395330198921,1.51657438396565
1.45912952667966,-4,1.40526384297743,1.29395330198921,1.51657438396565
1.56822334615409,-4,1.40526384297743,1.29395330198921,1.51657438396565
1.62888904658471,-4,1.40526384297743,1.29395330198921,1.51657438396565
1.10237392766194,-4,1.40526384297743,1.29395330198921,1.51657438396565
0.752116010655743,-4,1.40526384297743,1.29395330198921,1.51657438396565
2.27890361485835,-4,1.40526384297743,1.29395330198921,1.51657438396565
1.53514217549397,-3,1.41454860141334,1.27677060489858,1.5523265979281
1.63288975996209,-3,1.41454860141334,1.27677060489858,1.5523265979281
1.05081754927623,-3,1.41454860141334,1.27677060489858,1.5523265979281
0.449895485075635,-3,1.41454860141334,1.27677060489858,1.5523265979281
0.948779854064657,-3,1.41454860141334,1.27677060489858,1.5523265979281
1.27045509328151,-3,1.41454860141334,1.27677060489858,1.5523265979281
1.04874477759795,-3,1.41454860141334,1.27677060489858,1.5523265979281
1.62851773976519,-3,1.41454860141334,1.27677060489858,1.5523265979281
1.15307152322002,-3,1.41454860141334,1.27677060489858,1.5523265979281
1.15307152322002,-3,1.41454860141334,1.27677060489858,1.5523265979281
1.55593229400601,-3,1.41454860141334,1.27677060489858,1.5523265979281
1.60208513502212,-3,1.41454860141334,1.27677060489858,1.5523265979281
2.78111476781666,-3,1.41454860141334,1.27677060489858,1.5523265979281
1.05137817425778,-3,1.41454860141334,1.27677060489858,1.5523265979281
1.53302675033867,-3,1.41454860141334,1.27677060489858,1.5523265979281
1.57530446186621,-3,1.41454860141334,1.27677060489858,1.5523265979281
1.87762278609107,-3,1.41454860141334,1.27677060489858,1.5523265979281
1.47696961103853,-3,1.41454860141334,1.27677060489858,1.5523265979281
1.45234576896205,-3,1.41454860141334,1.27677060489858,1.5523265979281
2.43310225260575,-3,1.41454860141334,1.27677060489858,1.5523265979281
1.65803654083796,-3,1.41454860141334,1.27677060489858,1.5523265979281
2.52822404137001,-3,1.41454860141334,1.27677060489858,1.5523265979281
1.30501694259698,-3,1.41454860141334,1.27677060489858,1.5523265979281
1.37390217720686,-3,1.41454860141334,1.27677060489858,1.5523265979281
1.21573325618047,-3,1.41454860141334,1.27677060489858,1.5523265979281
0.49311869917872,-3,1.41454860141334,1.27677060489858,1.5523265979281
2.8406752649633,-3,1.41454860141334,1.27677060489858,1.5523265979281
1.33628039803171,-3,1.41454860141334,1.27677060489858,1.5523265979281
1.30378567335905,-3,1.41454860141334,1.27677060489858,1.5523265979281
1.87580427103325,-3,1.41454860141334,1.27677060489858,1.5523265979281
1.90525153553842,-3,1.41454860141334,1.27677060489858,1.5523265979281
1.36318962515389,-3,1.41454860141334,1.27677060489858,1.5523265979281
1.3765366326966,-3,1.41454860141334,1.27677060489858,1.5523265979281
0.563867150579708,-3,1.41454860141334,1.27677060489858,1.5523265979281
0.372249198163617,-3,1.41454860141334,1.27677060489858,1.5523265979281
2.43558496722684,-3,1.41454860141334,1.27677060489858,1.5523265979281
1.18083352105819,-3,1.41454860141334,1.27677060489858,1.5523265979281
1.5906809878905,-3,1.41454860141334,1.27677060489858,1.5523265979281
1.01241947878294,-3,1.41454860141334,1.27677060489858,1.5523265979281
1.37624430320658,-3,1.41454860141334,1.27677060489858,1.5523265979281
0.995645134019259,-3,1.41454860141334,1.27677060489858,1.5523265979281
0.933061837220701,-3,1.41454860141334,1.27677060489858,1.5523265979281
2.01359563781421,-3,1.41454860141334,1.27677060489858,1.5523265979281
1.33013764217745,-2,1.22467745821315,1.06586906268377,1.38348585374253
0.678974249014391,-2,1.22467745821315,1.06586906268377,1.38348585374253
0.950475882204651,-2,1.22467745821315,1.06586906268377,1.38348585374253
1.15472859031338,-2,1.22467745821315,1.06586906268377,1.38348585374253
0.826937375370012,-2,1.22467745821315,1.06586906268377,1.38348585374253
0.666971530694739,-2,1.22467745821315,1.06586906268377,1.38348585374253
1.36574788827218,-2,1.22467745821315,1.06586906268377,1.38348585374253
1.67076326241937,-2,1.22467745821315,1.06586906268377,1.38348585374253
1.45008404622254,-2,1.22467745821315,1.06586906268377,1.38348585374253
1.71151884987949,-2,1.22467745821315,1.06586906268377,1.38348585374253
0.417108607713184,-2,1.22467745821315,1.06586906268377,1.38348585374253
1.36986952065398,-2,1.22467745821315,1.06586906268377,1.38348585374253
0.953788641673732,-2,1.22467745821315,1.06586906268377,1.38348585374253
1.21616972364341,-2,1.22467745821315,1.06586906268377,1.38348585374253
1.2745859365003,-2,1.22467745821315,1.06586906268377,1.38348585374253
0.919529981858522,-2,1.22467745821315,1.06586906268377,1.38348585374253
1.33405317179591,-2,1.22467745821315,1.06586906268377,1.38348585374253
1.08982014318064,-1,1.01921610683413,0.71045729718729,1.32797491648096
1.20616757785408,-1,1.01921610683413,0.71045729718729,1.32797491648096
1.02875595314423,-1,1.01921610683413,0.71045729718729,1.32797491648096
1.51200612559675,-1,1.01921610683413,0.71045729718729,1.32797491648096
1.04724595730923,-1,1.01921610683413,0.71045729718729,1.32797491648096
0.372786857290482,-1,1.01921610683413,0.71045729718729,1.32797491648096
1.64176607807165,-1,1.01921610683413,0.71045729718729,1.32797491648096
2.46187060828009,0,1.53347582939207,1.43863732433941,1.62831433444473
0.131062160550998,0,1.53347582939207,1.43863732433941,1.62831433444473
1.8614688515336,0,1.53347582939207,1.43863732433941,1.62831433444473
1.86621445472741,0,1.53347582939207,1.43863732433941,1.62831433444473
3.33630516284222,0,1.53347582939207,1.43863732433941,1.62831433444473
1.4814436489151,0,1.53347582939207,1.43863732433941,1.62831433444473
2.15274013988915,0,1.53347582939207,1.43863732433941,1.62831433444473
1.24755385184789,0,1.53347582939207,1.43863732433941,1.62831433444473
1.1294645477168,0,1.53347582939207,1.43863732433941,1.62831433444473
2.26684511919859,0,1.53347582939207,1.43863732433941,1.62831433444473
1.12685347332498,0,1.53347582939207,1.43863732433941,1.62831433444473
1.51495205400465,0,1.53347582939207,1.43863732433941,1.62831433444473
0.913981067727149,0,1.53347582939207,1.43863732433941,1.62831433444473
1.57904382416928,0,1.53347582939207,1.43863732433941,1.62831433444473
1.39453617204196,0,1.53347582939207,1.43863732433941,1.62831433444473
1.4364819896959,0,1.53347582939207,1.43863732433941,1.62831433444473
1.34921448183183,0,1.53347582939207,1.43863732433941,1.62831433444473
1.43320042217891,0,1.53347582939207,1.43863732433941,1.62831433444473
1.30615727326925,0,1.53347582939207,1.43863732433941,1.62831433444473
1.07775970974899,0,1.53347582939207,1.43863732433941,1.62831433444473
1.07775970974899,0,1.53347582939207,1.43863732433941,1.62831433444473
1.71539097231914,0,1.53347582939207,1.43863732433941,1.62831433444473
2.59014769835893,0,1.53347582939207,1.43863732433941,1.62831433444473
1.04100578637918,0,1.53347582939207,1.43863732433941,1.62831433444473
1.77761477763616,0,1.53347582939207,1.43863732433941,1.62831433444473
1.02929116486122,0,1.53347582939207,1.43863732433941,1.62831433444473
0.201476964302009,0,1.53347582939207,1.43863732433941,1.62831433444473
1.19607896052376,0,1.53347582939207,1.43863732433941,1.62831433444473
1.51110712527015,0,1.53347582939207,1.43863732433941,1.62831433444473
1.13752459212846,0,1.53347582939207,1.43863732433941,1.62831433444473
1.55487280264472,0,1.53347582939207,1.43863732433941,1.62831433444473
2.88605951291603,0,1.53347582939207,1.43863732433941,1.62831433444473
0.254483356906228,0,1.53347582939207,1.43863732433941,1.62831433444473
0.486189500464797,0,1.53347582939207,1.43863732433941,1.62831433444473
1.8264770005262,0,1.53347582939207,1.43863732433941,1.62831433444473
1.42450336646028,0,1.53347582939207,1.43863732433941,1.62831433444473
1.48128704957435,0,1.53347582939207,1.43863732433941,1.62831433444473
1.71337418119208,0,1.53347582939207,1.43863732433941,1.62831433444473
2.05393494491184,0,1.53347582939207,1.43863732433941,1.62831433444473
1.95668986484596,0,1.53347582939207,1.43863732433941,1.62831433444473
0.898172145305915,0,1.53347582939207,1.43863732433941,1.62831433444473
1.48203258283976,0,1.53347582939207,1.43863732433941,1.62831433444473
1.74755710223693,0,1.53347582939207,1.43863732433941,1.62831433444473
1.74755710223693,0,1.53347582939207,1.43863732433941,1.62831433444473
1.22638778002744,0,1.53347582939207,1.43863732433941,1.62831433444473
1.53240722088129,0,1.53347582939207,1.43863732433941,1.62831433444473
1.66990736106223,0,1.53347582939207,1.43863732433941,1.62831433444473
2.46040091885808,0,1.53347582939207,1.43863732433941,1.62831433444473
1.97116178000706,0,1.53347582939207,1.43863732433941,1.62831433444473
2.69872284099636,0,1.53347582939207,1.43863732433941,1.62831433444473
1.1305648890386,0,1.53347582939207,1.43863732433941,1.62831433444473
1.83353965635043,0,1.53347582939207,1.43863732433941,1.62831433444473
1.41198692843788,0,1.53347582939207,1.43863732433941,1.62831433444473
1.711793595643,0,1.53347582939207,1.43863732433941,1.62831433444473
1.96467575412857,0,1.53347582939207,1.43863732433941,1.62831433444473
0.88387253186295,0,1.53347582939207,1.43863732433941,1.62831433444473
1.03087666036784,0,1.53347582939207,1.43863732433941,1.62831433444473
1.53444396005146,0,1.53347582939207,1.43863732433941,1.62831433444473
1.47162669849921,0,1.53347582939207,1.43863732433941,1.62831433444473
2.7820809322988,0,1.53347582939207,1.43863732433941,1.62831433444473
2.85689541453174,0,1.53347582939207,1.43863732433941,1.62831433444473
1.37921153713348,0,1.53347582939207,1.43863732433941,1.62831433444473
1.35730314150264,0,1.53347582939207,1.43863732433941,1.62831433444473
1.41271560618526,0,1.53347582939207,1.43863732433941,1.62831433444473
1.45372739463684,0,1.53347582939207,1.43863732433941,1.62831433444473
1.1763848834854,0,1.53347582939207,1.43863732433941,1.62831433444473
1.12483835652996,0,1.53347582939207,1.43863732433941,1.62831433444473
0.665472239846342,0,1.53347582939207,1.43863732433941,1.62831433444473
1.45790686176011,0,1.53347582939207,1.43863732433941,1.62831433444473
2.76289182843044,0,1.53347582939207,1.43863732433941,1.62831433444473
1.48000990220101,0,1.53347582939207,1.43863732433941,1.62831433444473
1.17835981941977,0,1.53347582939207,1.43863732433941,1.62831433444473
1.62478386292374,0,1.53347582939207,1.43863732433941,1.62831433444473
1.6175807440808,0,1.53347582939207,1.43863732433941,1.62831433444473
1.5618617434369,0,1.53347582939207,1.43863732433941,1.62831433444473
1.09011461655498,0,1.53347582939207,1.43863732433941,1.62831433444473
1.55552146474727,0,1.53347582939207,1.43863732433941,1.62831433444473
1.36943892951976,0,1.53347582939207,1.43863732433941,1.62831433444473
1.29557997496907,0,1.53347582939207,1.43863732433941,1.62831433444473
1.83816295926702,0,1.53347582939207,1.43863732433941,1.62831433444473
1.90793462000665,0,1.53347582939207,1.43863732433941,1.62831433444473
1.62986205352168,0,1.53347582939207,1.43863732433941,1.62831433444473
0.676999746458894,0,1.53347582939207,1.43863732433941,1.62831433444473
2.31018236014908,0,1.53347582939207,1.43863732433941,1.62831433444473
1.27428119915148,0,1.53347582939207,1.43863732433941,1.62831433444473
1.85869925139191,0,1.53347582939207,1.43863732433941,1.62831433444473
1.24728300169569,0,1.53347582939207,1.43863732433941,1.62831433444473
1.10615834916961,0,1.53347582939207,1.43863732433941,1.62831433444473
1.15487882634114,0,1.53347582939207,1.43863732433941,1.62831433444473
0.589784090909639,0,1.53347582939207,1.43863732433941,1.62831433444473
1.75443495550151,0,1.53347582939207,1.43863732433941,1.62831433444473
1.21290149928319,0,1.53347582939207,1.43863732433941,1.62831433444473
1.40495518402301,0,1.53347582939207,1.43863732433941,1.62831433444473
1.85122293490596,0,1.53347582939207,1.43863732433941,1.62831433444473
2.22031772620096,0,1.53347582939207,1.43863732433941,1.62831433444473
1.51230318287583,0,1.53347582939207,1.43863732433941,1.62831433444473
1.26729485319954,1,1.52799817351217,1.44612818220699,1.60986816481735
1.50615787545384,1,1.52799817351217,1.44612818220699,1.60986816481735
0.549417848241924,1,1.52799817351217,1.44612818220699,1.60986816481735
1.99597482476436,1,1.52799817351217,1.44612818220699,1.60986816481735
1.49241823712125,1,1.52799817351217,1.44612818220699,1.60986816481735
2.15204873381523,1,1.52799817351217,1.44612818220699,1.60986816481735
1.52422800132439,1,1.52799817351217,1.44612818220699,1.60986816481735
1.18459583160237,1,1.52799817351217,1.44612818220699,1.60986816481735
1.96290659307453,1,1.52799817351217,1.44612818220699,1.60986816481735
1.11827340715694,1,1.52799817351217,1.44612818220699,1.60986816481735
2.27339383326637,1,1.52799817351217,1.44612818220699,1.60986816481735
1.14479911727037,1,1.52799817351217,1.44612818220699,1.60986816481735
1.18813074090466,2,1.52252051763227,1.4509943305328,1.59404670473175
1.10144260836292,2,1.52252051763227,1.4509943305328,1.59404670473175
1.37500645719404,2,1.52252051763227,1.4509943305328,1.59404670473175
1.86127218706036,2,1.52252051763227,1.4509943305328,1.59404670473175
1.19980895173362,2,1.52252051763227,1.4509943305328,1.59404670473175
1.68110625479582,2,1.52252051763227,1.4509943305328,1.59404670473175
2.72264531056813,2,1.52252051763227,1.4509943305328,1.59404670473175
1.22902215151057,2,1.52252051763227,1.4509943305328,1.59404670473175
1.68204243443661,2,1.52252051763227,1.4509943305328,1.59404670473175
1.41163800763409,2,1.52252051763227,1.4509943305328,1.59404670473175
1.83258419917111,2,1.52252051763227,1.4509943305328,1.59404670473175
1.28870440294521,2,1.52252051763227,1.4509943305328,1.59404670473175
1.30618729862258,2,1.52252051763227,1.4509943305328,1.59404670473175
1.17488333825681,3,1.51704286175238,1.4519718087821,1.58211391472265
1.57432605735785,3,1.51704286175238,1.4519718087821,1.58211391472265
2.35397781332987,3,1.51704286175238,1.4519718087821,1.58211391472265
1.5720085109266,3,1.51704286175238,1.4519718087821,1.58211391472265
1.61811465977314,3,1.51704286175238,1.4519718087821,1.58211391472265
0.841928617682807,3,1.51704286175238,1.4519718087821,1.58211391472265
1.6449543279468,3,1.51704286175238,1.4519718087821,1.58211391472265
1.07616651638716,3,1.51704286175238,1.4519718087821,1.58211391472265
0.477816906470561,3,1.51704286175238,1.4519718087821,1.58211391472265
1.38858701904049,3,1.51704286175238,1.4519718087821,1.58211391472265
1.82819856251491,3,1.51704286175238,1.4519718087821,1.58211391472265
1.01902657191761,3,1.51704286175238,1.4519718087821,1.58211391472265
0.557723223846437,3,1.51704286175238,1.4519718087821,1.58211391472265
2.01982544301963,3,1.51704286175238,1.4519718087821,1.58211391472265
1.84675525222044,3,1.51704286175238,1.4519718087821,1.58211391472265
1.14768156729564,3,1.51704286175238,1.4519718087821,1.58211391472265
1.72505119666337,3,1.51704286175238,1.4519718087821,1.58211391472265
1.4603419020668,3,1.51704286175238,1.4519718087821,1.58211391472265
1.18758748810844,3,1.51704286175238,1.4519718087821,1.58211391472265
1.09181584818768,3,1.51704286175238,1.4519718087821,1.58211391472265
1.63851566031937,3,1.51704286175238,1.4519718087821,1.58211391472265
2.19845408025164,3,1.51704286175238,1.4519718087821,1.58211391472265
1.56341043165514,3,1.51704286175238,1.4519718087821,1.58211391472265
0.965140656218056,3,1.51704286175238,1.4519718087821,1.58211391472265
1.72733046709292,3,1.51704286175238,1.4519718087821,1.58211391472265
1.92099551411464,3,1.51704286175238,1.4519718087821,1.58211391472265
2.92482626136791,3,1.51704286175238,1.4519718087821,1.58211391472265
3.00848109021292,3,1.51704286175238,1.4519718087821,1.58211391472265
1.90786026533749,3,1.51704286175238,1.4519718087821,1.58211391472265
0.574789411125691,3,1.51704286175238,1.4519718087821,1.58211391472265
1.34328334124925,3,1.51704286175238,1.4519718087821,1.58211391472265
1.65663146948234,3,1.51704286175238,1.4519718087821,1.58211391472265
2.21446870164997,3,1.51704286175238,1.4519718087821,1.58211391472265
1.42095125737367,3,1.51704286175238,1.4519718087821,1.58211391472265
1.93795624133331,3,1.51704286175238,1.4519718087821,1.58211391472265
1.45352184004927,3,1.51704286175238,1.4519718087821,1.58211391472265
1.57255300292354,3,1.51704286175238,1.4519718087821,1.58211391472265
1.05366406640988,3,1.51704286175238,1.4519718087821,1.58211391472265
1.82082733819864,3,1.51704286175238,1.4519718087821,1.58211391472265
1.60934408651579,3,1.51704286175238,1.4519718087821,1.58211391472265
2.84200151657738,3,1.51704286175238,1.4519718087821,1.58211391472265
0.80958970898094,3,1.51704286175238,1.4519718087821,1.58211391472265
1.50154079742392,3,1.51704286175238,1.4519718087821,1.58211391472265
0.436111578111311,3,1.51704286175238,1.4519718087821,1.58211391472265
1.52561521399735,3,1.51704286175238,1.4519718087821,1.58211391472265
1.78699425411309,3,1.51704286175238,1.4519718087821,1.58211391472265
1.42297319068389,3,1.51704286175238,1.4519718087821,1.58211391472265
1.2783697426324,3,1.51704286175238,1.4519718087821,1.58211391472265
1.60261156885382,3,1.51704286175238,1.4519718087821,1.58211391472265
1.45691371572434,3,1.51704286175238,1.4519718087821,1.58211391472265
1.37992392824404,3,1.51704286175238,1.4519718087821,1.58211391472265
1.58796319015187,3,1.51704286175238,1.4519718087821,1.58211391472265
2.06053952900931,4,1.51156520587248,1.44786720780877,1.57526320393618
0.778677282878077,4,1.51156520587248,1.44786720780877,1.57526320393618
1.93810502269323,4,1.51156520587248,1.44786720780877,1.57526320393618
1.27367737067257,4,1.51156520587248,1.44786720780877,1.57526320393618
1.35556431470712,4,1.51156520587248,1.44786720780877,1.57526320393618
2.8983183823175,4,1.51156520587248,1.44786720780877,1.57526320393618
1.39546790560347,4,1.51156520587248,1.44786720780877,1.57526320393618
1.52031358920974,4,1.51156520587248,1.44786720780877,1.57526320393618
2.56513673477884,4,1.51156520587248,1.44786720780877,1.57526320393618
1.36118037119505,4,1.51156520587248,1.44786720780877,1.57526320393618
0.807779337413064,4,1.51156520587248,1.44786720780877,1.57526320393618
1.00686606048631,4,1.51156520587248,1.44786720780877,1.57526320393618
1.32642425869171,4,1.51156520587248,1.44786720780877,1.57526320393618
0.422736013317471,4,1.51156520587248,1.44786720780877,1.57526320393618
0.422736013317471,4,1.51156520587248,1.44786720780877,1.57526320393618
1.20925753954821,4,1.51156520587248,1.44786720780877,1.57526320393618
1.03414399142466,4,1.51156520587248,1.44786720780877,1.57526320393618
1.20539017698684,4,1.51156520587248,1.44786720780877,1.57526320393618
1.33639077733621,4,1.51156520587248,1.44786720780877,1.57526320393618
1.83193564041008,4,1.51156520587248,1.44786720780877,1.57526320393618
1.54316759125701,5,1.50608754999258,1.43837067979778,1.57380442018738
1.41983512083106,5,1.50608754999258,1.43837067979778,1.57380442018738
1.30550099465108,5,1.50608754999258,1.43837067979778,1.57380442018738
1.53650683622559,5,1.50608754999258,1.43837067979778,1.57380442018738
2.32706115580915,5,1.50608754999258,1.43837067979778,1.57380442018738
3.43670096478376,6,1.50060989411268,1.42432974866429,1.57689003956108
1.76470684454358,6,1.50060989411268,1.42432974866429,1.57689003956108
1.61545268340833,6,1.50060989411268,1.42432974866429,1.57689003956108
1.50998593126205,6,1.50060989411268,1.42432974866429,1.57689003956108
1.20564051272839,6,1.50060989411268,1.42432974866429,1.57689003956108
1.39478657454814,6,1.50060989411268,1.42432974866429,1.57689003956108
1.44677336975855,6,1.50060989411268,1.42432974866429,1.57689003956108
1.44677336975855,6,1.50060989411268,1.42432974866429,1.57689003956108
1.01832150613279,6,1.50060989411268,1.42432974866429,1.57689003956108
2.06539598393329,6,1.50060989411268,1.42432974866429,1.57689003956108
1.55003464117144,6,1.50060989411268,1.42432974866429,1.57689003956108
1.28254091053161,6,1.50060989411268,1.42432974866429,1.57689003956108
0.87174700336838,6,1.50060989411268,1.42432974866429,1.57689003956108
1.65620245839136,6,1.50060989411268,1.42432974866429,1.57689003956108
1.35148408154628,6,1.50060989411268,1.42432974866429,1.57689003956108
0.797187221953562,6,1.50060989411268,1.42432974866429,1.57689003956108
1.02577186917386,6,1.50060989411268,1.42432974866429,1.57689003956108
1.99288882180991,6,1.50060989411268,1.42432974866429,1.57689003956108
3.00376386589704,6,1.50060989411268,1.42432974866429,1.57689003956108
1.50168223108818,6,1.50060989411268,1.42432974866429,1.57689003956108
1.90974214105679,6,1.50060989411268,1.42432974866429,1.57689003956108
1.05149600200816,6,1.50060989411268,1.42432974866429,1.57689003956108
1.14493780226071,6,1.50060989411268,1.42432974866429,1.57689003956108
1.51637480347574,6,1.50060989411268,1.42432974866429,1.57689003956108
2.15750165937351,6,1.50060989411268,1.42432974866429,1.57689003956108
1.11541585561238,6,1.50060989411268,1.42432974866429,1.57689003956108
1.58518577418023,6,1.50060989411268,1.42432974866429,1.57689003956108
1.95728771566292,6,1.50060989411268,1.42432974866429,1.57689003956108
2.95155700591016,6,1.50060989411268,1.42432974866429,1.57689003956108
0.91275840622822,6,1.50060989411268,1.42432974866429,1.57689003956108
1.13820445794803,6,1.50060989411268,1.42432974866429,1.57689003956108
1.08897399703171,7,1.49513223823279,1.40706014731137,1.5832043291542
1.45488110437663,7,1.49513223823279,1.40706014731137,1.5832043291542
0.594654027376205,7,1.49513223823279,1.40706014731137,1.5832043291542
1.49124817702736,7,1.49513223823279,1.40706014731137,1.5832043291542
1.42503128575626,7,1.49513223823279,1.40706014731137,1.5832043291542
1.44918806840731,7,1.49513223823279,1.40706014731137,1.5832043291542
0.940208214854724,7,1.49513223823279,1.40706014731137,1.5832043291542
1.31274351252854,7,1.49513223823279,1.40706014731137,1.5832043291542
1.44709792473616,7,1.49513223823279,1.40706014731137,1.5832043291542
1.35396126089038,7,1.49513223823279,1.40706014731137,1.5832043291542
1.14088621128288,7,1.49513223823279,1.40706014731137,1.5832043291542
1.55660170082792,7,1.49513223823279,1.40706014731137,1.5832043291542
2.06469328234698,7,1.49513223823279,1.40706014731137,1.5832043291542
1.53918181512896,7,1.49513223823279,1.40706014731137,1.5832043291542
1.8446135425126,7,1.49513223823279,1.40706014731137,1.5832043291542
0.591350960387208,7,1.49513223823279,1.40706014731137,1.5832043291542
3.6791943678153,7,1.49513223823279,1.40706014731137,1.5832043291542
1.7579236507108,7,1.49513223823279,1.40706014731137,1.5832043291542
1.70569927966168,7,1.49513223823279,1.40706014731137,1.5832043291542
1.27064398235306,7,1.49513223823279,1.40706014731137,1.5832043291542
1.31006730122678,7,1.49513223823279,1.40706014731137,1.5832043291542
1.79619346961978,7,1.49513223823279,1.40706014731137,1.5832043291542
1.38945593685767,7,1.49513223823279,1.40706014731137,1.5832043291542
1.30329579713303,7,1.49513223823279,1.40706014731137,1.5832043291542
0.123146312957475,7,1.49513223823279,1.40706014731137,1.5832043291542
1.9022459260264,7,1.49513223823279,1.40706014731137,1.5832043291542
1.11625284921229,7,1.49513223823279,1.40706014731137,1.5832043291542
2.15071184752562,8,1.48965458235289,1.38767579858929,1.59163336611649
1.295285634285,8,1.48965458235289,1.38767579858929,1.59163336611649
1.23324532564375,8,1.48965458235289,1.38767579858929,1.59163336611649
1.24510528447125,8,1.48965458235289,1.38767579858929,1.59163336611649
1.5949508615394,8,1.48965458235289,1.38767579858929,1.59163336611649
1.55825931649837,8,1.48965458235289,1.38767579858929,1.59163336611649
0.839875054977327,8,1.48965458235289,1.38767579858929,1.59163336611649
1.61043965235333,8,1.48965458235289,1.38767579858929,1.59163336611649
1.76666946629137,8,1.48965458235289,1.38767579858929,1.59163336611649
2.72215435864612,8,1.48965458235289,1.38767579858929,1.59163336611649
1.85928156653238,8,1.48965458235289,1.38767579858929,1.59163336611649
1.88694221273845,8,1.48965458235289,1.38767579858929,1.59163336611649
1.41019875540245,9,1.48417692647299,1.36692677506358,1.6014270778824
1.82893280505114,9,1.48417692647299,1.36692677506358,1.6014270778824
1.10518688680886,9,1.48417692647299,1.36692677506358,1.6014270778824
0.575040634907522,9,1.48417692647299,1.36692677506358,1.6014270778824
1.73256223844352,9,1.48417692647299,1.36692677506358,1.6014270778824
1.01406105166956,9,1.48417692647299,1.36692677506358,1.6014270778824
1.58146805072809,9,1.48417692647299,1.36692677506358,1.6014270778824
1.38547332300228,9,1.48417692647299,1.36692677506358,1.6014270778824
1.52977277219539,9,1.48417692647299,1.36692677506358,1.6014270778824
1.45756456118851,9,1.48417692647299,1.36692677506358,1.6014270778824
0.499260184918829,9,1.48417692647299,1.36692677506358,1.6014270778824
1.14221758519063,9,1.48417692647299,1.36692677506358,1.6014270778824
1.86684414356101,9,1.48417692647299,1.36692677506358,1.6014270778824
1.35367963222468,9,1.48417692647299,1.36692677506358,1.6014270778824
0.781608130203588,9,1.48417692647299,1.36692677506358,1.6014270778824
1.41404927463829,9,1.48417692647299,1.36692677506358,1.6014270778824
1.73824407234629,9,1.48417692647299,1.36692677506358,1.6014270778824
1.18358880371744,9,1.48417692647299,1.36692677506358,1.6014270778824
2.75368245239404,9,1.48417692647299,1.36692677506358,1.6014270778824
1.35413151942606,9,1.48417692647299,1.36692677506358,1.6014270778824
0.723519539723753,9,1.48417692647299,1.36692677506358,1.6014270778824
1.45894924361629,10,1.47869927059309,1.34528086780642,1.61211767337977
1.76354157588518,10,1.47869927059309,1.34528086780642,1.61211767337977
1.9331565441245,10,1.47869927059309,1.34528086780642,1.61211767337977
1.54852628292391,10,1.47869927059309,1.34528086780642,1.61211767337977
1.05900744212836,10,1.47869927059309,1.34528086780642,1.61211767337977
0.767339552534788,10,1.47869927059309,1.34528086780642,1.61211767337977
1.51156376725567,10,1.47869927059309,1.34528086780642,1.61211767337977
0.561921792036583,10,1.47869927059309,1.34528086780642,1.61211767337977
1.94840899088877,10,1.47869927059309,1.34528086780642,1.61211767337977
1.35382423691002,10,1.47869927059309,1.34528086780642,1.61211767337977
1.17232746078666,10,1.47869927059309,1.34528086780642,1.61211767337977
1.28376760954966,10,1.47869927059309,1.34528086780642,1.61211767337977
2.68020567285319,10,1.47869927059309,1.34528086780642,1.61211767337977
1.13547185679073,10,1.47869927059309,1.34528086780642,1.61211767337977
2.46807860713884,10,1.47869927059309,1.34528086780642,1.61211767337977
1.48397186893926,10,1.47869927059309,1.34528086780642,1.61211767337977
0.867019720528692,10,1.47869927059309,1.34528086780642,1.61211767337977
1.80658899871536,10,1.47869927059309,1.34528086780642,1.61211767337977
2.75673390230783,10,1.47869927059309,1.34528086780642,1.61211767337977
0.885935930902348,10,1.47869927059309,1.34528086780642,1.61211767337977
