"Organ_marker","study","Trans","df","Est","SE","t","P","CI_l","CI_h","weights","x","y","Padj","t_adj"
"liver miR-TS vs. ALT","Pooled (RE)","log","df0_noExcld",0.282469454638038,0.0566556468426723,4.9857246431663,6.17300082010775e-07,0.17142642730558,0.393512481970496,200,"liver","ALT",0.000167905622306931,"11"
"liver miR-TS vs. AST","Pooled (RE)","log","df0_noExcld",0.261583105912658,0.0573669260583402,4.55982434280403,5.1196427028966e-06,0.149145996934539,0.374020214890778,200,"liver","AST",0.000464180938395958,"11"
"adipocyte miR-TS vs. %Body Fat","Pooled (RE)","notlog","df0_noExcld",-0.0115601377557,0.00445852238863368,-2.59281814647176,0.00951930907880626,-0.0202986810616875,-0.00282159444971252,200,"adipocyte","%Body Fat",0.196650568976083,"1"
"adipocyte miR-TS vs. BMI","Pooled (RE)","notlog","df0_noExcld",0.0192716949078325,0.0489677927697602,0.393558578358746,0.693906967756244,-0.0767034153233184,0.115246805138983,200,"adipocyte","BMI",0.899261768788426,""
"kidney miR-TS vs. eGFR","Pooled (RE)","notlog","df0",-0.081420012078618,0.0263182428581404,-3.09367204024543,0.00197695893194992,-0.133002820216952,-0.0298372039402843,200,"kidney","eGFR",0.0896221382483963,"1"
"pancreas miR-TS vs. Diabetes","Pooled (RE)","log","df0",-0.956203214734487,0.318204751439237,-3.00499351568319,0.00265586511380751,-1.57987306726491,-0.332533362204063,200,"pancreas","Diabetes",0.10319933013652,"1"
"heart miR-TS vs. Mean Arterial Pressure","Pooled (RE)","notlog","df0",0.0484281283164881,0.0370967487261233,1.30545478996075,0.191738032136346,-0.0242801631302457,0.121136419763222,200,"heart","Mean Arterial Pressure",0.64805270075419,""
"artery miR-TS vs. Mean Arterial Pressure","Pooled (RE)","notlog","df0",0.182323407649252,0.0808795859406206,2.25425743132647,0.024179977655508,0.0238023321211233,0.34084448317738,200,"artery","Mean Arterial Pressure",0.302700112273974,""
"artery miR-TS vs. Arterial Stiffness","Pooled (RE)","notlog","df0",0.215715581245693,0.047147890295937,4.57529658043433,4.75545830446986e-06,0.123307414318611,0.308123748172775,200,"artery","Arterial Stiffness",0.000464180938395958,"11"
"lung miR-TS vs. Lung Diseases","Pooled (RE)","notlog","df0",0.400551588456594,0.146444920823336,2.73516886898248,0.00623482812578023,0.113524817924035,0.687578358989153,200,"lung","Lung Diseases",0.196650568976083,"1"
"brain miR-TS vs. Cognitive Impairment","Pooled (RE)","notlog","df0_noExcld",1.51475430250266,0.706270539204385,2.14472248015475,0.0319750424156344,0.130489482320381,2.89901912268494,200,"brain","Cognitive Impairment",0.362383814043856,""
"lymph node miR-TS vs. %Lymphocytes","Pooled (RE)","log","df0_noExcld",0.0861344868822776,0.0338092079636547,2.54766355292538,0.0108447004950046,0.0198696569276896,0.152399316836866,200,"lymph node","%Lymphocytes",0.196650568976083,"1"
"heart miR-TS vs. Coronary Heart Diseases","Pooled (RE)","notlog","df0",0.257980320877743,0.0968786763310973,2.66292161131575,0.00774654577668163,0.0681016043988793,0.447859037356607,200,"heart","Coronary Heart Diseases",0.196650568976083,"1"
"pancreas miR-TS vs. Fasting Blood Glucose","Pooled (RE)","log","df0",-0.217846019653896,0.0686902553022626,-3.17142538916609,0.00151692829690627,-0.352476446135192,-0.0832155931726,200,"pancreas","Fasting Blood Glucose",0.0825208993517013,"1"
"pancreas miR-TS vs. Hemoglobin A1C","Pooled (RE)","notlog","df0",-0.327672196077427,0.138045325888096,-2.37365657960088,0.0176129234883302,-0.598236063052189,-0.0571083291026636,200,"pancreas","Hemoglobin A1C",0.266150843823656,""
"adipocyte miR-TS vs. Waist/Height","Pooled (RE)","log","df0",0.0468099472908649,0.0176523282828631,2.65177185359215,0.00800706255423806,0.0122120196131755,0.0814078749685544,200,"adipocyte","Waist/Height",0.196650568976083,"1"
"adipocyte miR-TS vs. ALT","Pooled (RE)","log","df0_noExcld",-0.165689076636516,0.106973258283521,-1.54888314420951,0.12140981360458,-0.375352810181119,0.0439746569080862,200,"adipocyte","ALT",0.579359110534137,""
"artery miR-TS vs. ALT","Pooled (RE)","log","df0_noExcld",-0.00549628035504537,0.0755375695531504,-0.072762208098025,0.941995344776063,-0.15354719615891,0.142554635448819,200,"artery","ALT",0.999625217646664,""
"bladder miR-TS vs. ALT","Pooled (RE)","log","df0_noExcld",0.0818822940535117,0.0502472433285189,1.6295877868993,0.103188647352301,-0.0166004931928059,0.180365081299829,200,"bladder","ALT",0.539756001535111,""
"bone miR-TS vs. ALT","Pooled (RE)","log","df0_noExcld",0.0709127922426834,0.0543836930477438,1.30393484275569,0.19225579912529,-0.0356772874771759,0.177502871962543,200,"bone","ALT",0.64805270075419,""
"bowel miR-TS vs. ALT","Pooled (RE)","log","df0_noExcld",0.00584439925141965,0.163187864195096,0.0358139331024793,0.9714307231855,-0.313997937284982,0.325686735787822,200,"bowel","ALT",0.999625217646664,""
"brain miR-TS vs. ALT","Pooled (RE)","log","df0_noExcld",-0.0806499338923707,0.167622686852117,-0.48113972760455,0.63041719437136,-0.409184363114357,0.247884495329615,200,"brain","ALT",0.888416604380379,""
"heart miR-TS vs. ALT","Pooled (RE)","log","df0_noExcld",-0.0699132177857132,0.0514571425573932,-1.35866887104613,0.17425154048765,-0.170767363945547,0.0309409283741207,200,"heart","ALT",0.64805270075419,""
"kidney miR-TS vs. ALT","Pooled (RE)","log","df0_noExcld",0.0137033808031164,0.065935530172917,0.207829993437211,0.835361712535304,-0.115527883637355,0.142934645243588,200,"kidney","ALT",0.96900049724141,""
"lung miR-TS vs. ALT","Pooled (RE)","log","df0_noExcld",-0.12443747975134,0.0509628063062812,-2.44173130897627,0.0146170210832179,-0.224322744662742,-0.024552214839938,200,"lung","ALT",0.233872337331487,""
"lymph node miR-TS vs. ALT","Pooled (RE)","log","df0_noExcld",0.0322967610635605,0.0701040436481132,0.460697548713079,0.645015613939713,-0.105104639657365,0.169698161784486,200,"lymph node","ALT",0.888416604380379,""
"nerve miR-TS vs. ALT","Pooled (RE)","log","df0_noExcld",0.0179343963541363,0.0940066119023584,0.190778031366179,0.848699500982491,-0.16631517728312,0.202183969991393,200,"nerve","ALT",0.974034870325897,""
"pancreas miR-TS vs. ALT","Pooled (RE)","log","df0_noExcld",-0.064046615504707,0.0893670924264338,-0.716668896410942,0.473578422119763,-0.239202898063579,0.111109667054165,200,"pancreas","ALT",0.833099975041102,""
"salivary gland miR-TS vs. ALT","Pooled (RE)","log","df0_noExcld",0.0992966640412361,0.0805865611519741,1.23217398312825,0.217884099684026,-0.0586500934545678,0.25724342153704,200,"salivary gland","ALT",0.64805270075419,""
"skin miR-TS vs. ALT","Pooled (RE)","log","df0_noExcld",0.00186416632849611,0.0895007161048096,0.0208285074089584,0.983382457044872,-0.173554013827475,0.177282346484467,200,"skin","ALT",0.999625217646664,""
"spleen miR-TS vs. ALT","Pooled (RE)","log","df0_noExcld",-0.0709890568079732,0.0509789826252868,-1.39251615376021,0.163766153455253,-0.170906026722029,0.0289279131060822,200,"spleen","ALT",0.645570923765637,""
"stomach miR-TS vs. ALT","Pooled (RE)","log","df0_noExcld",-0.0045332292064253,0.0541342148382773,-0.0837405552101946,0.933262711973544,-0.110634340620803,0.101567882207952,200,"stomach","ALT",0.999625217646664,""
"adipocyte miR-TS vs. AST","Pooled (RE)","log","df0_noExcld",-0.122313583570896,0.066456276902188,-1.84051212725805,0.0656930854761971,-0.252565492845806,0.00793832570401327,200,"adipocyte","AST",0.47022419077699,""
"artery miR-TS vs. AST","Pooled (RE)","log","df0_noExcld",0.00686416106652144,0.0496461089017494,0.1382618138333,0.890033503751454,-0.0904404243534607,0.104168746486504,200,"artery","AST",0.994173306793156,""
"bladder miR-TS vs. AST","Pooled (RE)","log","df0_noExcld",0.044314156978697,0.0489123669513625,0.905990851409054,0.364940694763761,-0.0515523206445807,0.140180634601975,200,"bladder","AST",0.753959815094853,""
"bone miR-TS vs. AST","Pooled (RE)","log","df0_noExcld",0.0656469935542011,0.0498613881339968,1.31658977038069,0.187976169587935,-0.0320795314076054,0.163373518516008,200,"bone","AST",0.64805270075419,""
"bowel miR-TS vs. AST","Pooled (RE)","log","df0_noExcld",-0.00659862987737468,0.1225518756793,-0.0538435649458544,0.957059800032861,-0.246795892446633,0.233598632691884,200,"bowel","AST",0.999625217646664,""
"brain miR-TS vs. AST","Pooled (RE)","log","df0_noExcld",-0.102375518419836,0.135319757245442,-0.756545241462029,0.449322358157769,-0.367597369017605,0.162846332177933,200,"brain","AST",0.824494945029361,""
"heart miR-TS vs. AST","Pooled (RE)","log","df0_noExcld",-0.0130060873805647,0.051789382347454,-0.251134243951919,0.801710321227705,-0.114511411563149,0.0884992368020196,200,"heart","AST",0.968499534849436,""
"kidney miR-TS vs. AST","Pooled (RE)","log","df0_noExcld",0.0105002903469716,0.0694623091520622,0.151165293454111,0.879845327448743,-0.125643333874057,0.146643914568,200,"kidney","AST",0.993020452556258,""
"lung miR-TS vs. AST","Pooled (RE)","log","df0_noExcld",-0.102572649725154,0.0609387686667705,-1.68320843970525,0.0923347475900269,-0.222010441574242,0.016865142123934,200,"lung","AST",0.52773605558657,""
"lymph node miR-TS vs. AST","Pooled (RE)","log","df0_noExcld",-0.0218120422551396,0.0501150752348714,-0.435239140177169,0.663388855173906,-0.120035784798003,0.0764117002877235,200,"lymph node","AST",0.894437626604149,""
"nerve miR-TS vs. AST","Pooled (RE)","log","df0_noExcld",0.0488543117098401,0.0887091731949072,0.550724462311242,0.581822572807255,-0.125012472850504,0.222721096270184,200,"nerve","AST",0.884413041012395,""
"pancreas miR-TS vs. AST","Pooled (RE)","log","df0_noExcld",0.0423034833940468,0.0597374024570661,0.708157396439371,0.478847519654669,-0.0747796739517772,0.159386640739871,200,"pancreas","AST",0.833099975041102,""
"salivary gland miR-TS vs. AST","Pooled (RE)","log","df0_noExcld",0.0602433122059841,0.0586908186992022,1.02645206765199,0.304678546065798,-0.0547885786676221,0.17527520307959,200,"salivary gland","AST",0.749098247011807,""
"skin miR-TS vs. AST","Pooled (RE)","log","df0_noExcld",0.0193399077354302,0.0622590676545911,0.310635999927378,0.756077356195412,-0.102685622578611,0.141365438049471,200,"skin","AST",0.934786549477964,""
"spleen miR-TS vs. AST","Pooled (RE)","log","df0_noExcld",-0.0250085740371423,0.0490969965950244,-0.50937075119737,0.610492374000594,-0.121236919112476,0.0712197710381912,200,"spleen","AST",0.888416604380379,""
"stomach miR-TS vs. AST","Pooled (RE)","log","df0_noExcld",0.0311842366542669,0.0508319284269494,0.613477348180519,0.539560756012589,-0.0684445123272717,0.130812985635805,200,"stomach","AST",0.884099552020627,""
"artery miR-TS vs. %Body Fat","Pooled (RE)","notlog","df0_noExcld",-0.00906414053377277,0.0109489126912592,-0.827857595486073,0.40775115219277,-0.0305236150785143,0.0123953340109687,200,"artery","%Body Fat",0.804510427876542,""
"bladder miR-TS vs. %Body Fat","Pooled (RE)","notlog","df0_noExcld",-0.00196645528211107,0.0155150222263648,-0.126745244281343,0.899142034820281,-0.0323753400651244,0.0284424295009023,200,"bladder","%Body Fat",0.994173306793156,""
"bone miR-TS vs. %Body Fat","Pooled (RE)","notlog","df0_noExcld",-0.00464215854809427,0.00492042506799416,-0.943446650227451,0.345452491309214,-0.0142860144699909,0.00500169737380233,200,"bone","%Body Fat",0.749098247011807,""
"bowel miR-TS vs. %Body Fat","Pooled (RE)","notlog","df0_noExcld",0.000759224623289335,0.00499332504439588,0.152047907264004,0.879149150351137,-0.00902751262682845,0.0105459618734071,200,"bowel","%Body Fat",0.993020452556258,""
"brain miR-TS vs. %Body Fat","Pooled (RE)","notlog","df0_noExcld",-0.00394688443243054,0.00515203168066304,-0.766083106057802,0.443626854442099,-0.0140446809737395,0.00615091210887838,200,"brain","%Body Fat",0.824494945029361,""
"heart miR-TS vs. %Body Fat","Pooled (RE)","notlog","df0_noExcld",-0.000244427908946583,0.0051122074473598,-0.0478125959213212,0.961865597944649,-0.0102641703872692,0.00977531456937606,200,"heart","%Body Fat",0.999625217646664,""
"kidney miR-TS vs. %Body Fat","Pooled (RE)","notlog","df0_noExcld",-0.00433582542172918,0.013021610310674,-0.332971523358755,0.739155778857567,-0.0298577126513656,0.0211860618079072,200,"kidney","%Body Fat",0.922249412152561,""
"liver miR-TS vs. %Body Fat","Pooled (RE)","notlog","df0_noExcld",0.0232272269784996,0.0201451895528195,1.15299123483545,0.248913982201016,-0.0162566190067592,0.0627110729637585,200,"liver","%Body Fat",0.697985599573983,""
"lung miR-TS vs. %Body Fat","Pooled (RE)","notlog","df0_noExcld",0.00730418565876711,0.00647929055867016,1.12731256495252,0.259610351775571,-0.0053949904815968,0.020003361799131,200,"lung","%Body Fat",0.706140156829554,""
"lymph node miR-TS vs. %Body Fat","Pooled (RE)","notlog","df0_noExcld",0.00431392967766077,0.0111654448702002,0.386364334588615,0.69922686016849,-0.0175699401392991,0.0261977994946207,200,"lymph node","%Body Fat",0.899261768788426,""
"nerve miR-TS vs. %Body Fat","Pooled (RE)","notlog","df0_noExcld",-0.00249732833931933,0.0352023269379629,-0.0709421381069603,0.943443806480259,-0.0714926213097308,0.0664979646310922,200,"nerve","%Body Fat",0.999625217646664,""
"pancreas miR-TS vs. %Body Fat","Pooled (RE)","notlog","df0_noExcld",0.000478702069649605,0.00949493330907111,0.0504165805137642,0.959790423849237,-0.0181310252517395,0.0190884293910387,200,"pancreas","%Body Fat",0.999625217646664,""
"salivary gland miR-TS vs. %Body Fat","Pooled (RE)","notlog","df0_noExcld",0.024510089930923,0.0263638576858637,0.929685261655213,0.352534067609335,-0.0271621216269094,0.0761823014887553,200,"salivary gland","%Body Fat",0.749098247011807,""
"skin miR-TS vs. %Body Fat","Pooled (RE)","notlog","df0_noExcld",0.0174100221469638,0.0173650505504407,1.00258977630917,0.316058830644809,-0.0166248515216175,0.0514448958155451,200,"skin","%Body Fat",0.749098247011807,""
"spleen miR-TS vs. %Body Fat","Pooled (RE)","notlog","df0_noExcld",-0.00448617167492972,0.00988604708815208,-0.45378821635456,0.649981265704762,-0.0238624679171749,0.0148901245673154,200,"spleen","%Body Fat",0.888416604380379,""
"stomach miR-TS vs. %Body Fat","Pooled (RE)","notlog","df0_noExcld",0.0107440348666904,0.0187369310059536,0.573414870518363,0.566363824034488,-0.0259796750857905,0.0474677448191713,200,"stomach","%Body Fat",0.884413041012395,""
"artery miR-TS vs. Waist/Height","Pooled (RE)","log","df0",0.0423043677790691,0.0468165082943247,0.90362073807622,0.366196540972879,-0.049454302359728,0.134063037917866,200,"artery","Waist/Height",0.753959815094853,""
"bladder miR-TS vs. Waist/Height","Pooled (RE)","log","df0",-0.0111177384170027,0.0289439778390375,-0.384112317900131,0.70089520214392,-0.0678468925508418,0.0456114157168363,200,"bladder","Waist/Height",0.899261768788426,""
"bone miR-TS vs. Waist/Height","Pooled (RE)","log","df0",0.0152383247047339,0.0278045361341777,0.548051750663905,0.58365636919914,-0.0392575647250969,0.0697342141345647,200,"bone","Waist/Height",0.884413041012395,""
"bowel miR-TS vs. Waist/Height","Pooled (RE)","log","df0",-0.024194705772343,0.0293076002769541,-0.825543734174935,0.409062964044323,-0.0816365467884692,0.0332471352437831,200,"bowel","Waist/Height",0.804510427876542,""
"brain miR-TS vs. Waist/Height","Pooled (RE)","log","df0",-0.0721802554145706,0.0590599514697245,-1.22215229810292,0.22165003903371,-0.187935633223914,0.0435751223947729,200,"brain","Waist/Height",0.64805270075419,""
"heart miR-TS vs. Waist/Height","Pooled (RE)","log","df0",0.00774671153920979,0.0279230713395791,0.277430496273143,0.78144956763952,-0.0469815026241077,0.0624749257025273,200,"heart","Waist/Height",0.954751538754499,""
"kidney miR-TS vs. Waist/Height","Pooled (RE)","log","df0",-0.00120526452232427,0.0291104838074308,-0.0414031085947327,0.966974534623711,-0.0582607643574251,0.0558502353127766,200,"kidney","Waist/Height",0.999625217646664,""
"liver miR-TS vs. Waist/Height","Pooled (RE)","log","df0",0.0158958504139193,0.0289884833254067,0.548350537538729,0.58345123242993,-0.0409205328703178,0.0727122336981564,200,"liver","Waist/Height",0.884413041012395,""
"lung miR-TS vs. Waist/Height","Pooled (RE)","log","df0",-0.0335548359874843,0.0357301267530734,-0.939118862336473,0.347669720882398,-0.103584597586559,0.0364749256115906,200,"lung","Waist/Height",0.749098247011807,""
"lymph node miR-TS vs. Waist/Height","Pooled (RE)","log","df0",-0.0157288997186214,0.0270473351127573,-0.581532326680223,0.560881737607363,-0.0687407024174113,0.0372829029801684,200,"lymph node","Waist/Height",0.884413041012395,""
"nerve miR-TS vs. Waist/Height","Pooled (RE)","log","df0",0.0362766461197014,0.0293738749903586,1.23499695329978,0.216831638032943,-0.0212950909477833,0.0938483831871862,200,"nerve","Waist/Height",0.64805270075419,""
"pancreas miR-TS vs. Waist/Height","Pooled (RE)","log","df0",0.00693406053933004,0.0310138073364719,0.223579790256053,0.8230842906407,-0.0538518848636191,0.0677200059422791,200,"pancreas","Waist/Height",0.96900049724141,""
"salivary gland miR-TS vs. Waist/Height","Pooled (RE)","log","df0",0.0532894462384629,0.0266664777504565,1.99836839109922,0.0456767358778298,0.00102411025302955,0.105554782223896,200,"salivary gland","Waist/Height",0.388252254961554,""
"skin miR-TS vs. Waist/Height","Pooled (RE)","log","df0",0.0509763097993724,0.0488767509645471,1.0429561865998,0.296968585165327,-0.0448203617724733,0.146772981371218,200,"skin","Waist/Height",0.741059221696962,""
"spleen miR-TS vs. Waist/Height","Pooled (RE)","log","df0",-0.00999104184102145,0.0456693723578229,-0.218768976344603,0.826830014774534,-0.0995013668589034,0.0795192831768605,200,"spleen","Waist/Height",0.96900049724141,""
"stomach miR-TS vs. Waist/Height","Pooled (RE)","log","df0",0.0596859714397352,0.0283904584283399,2.10232503255937,0.0355248132196405,0.00404169541560731,0.115330247463863,200,"stomach","Waist/Height",0.371536452003918,""
"adipocyte miR-TS vs. eGFR","Pooled (RE)","notlog","df0",0.0403979445802158,0.0429036069946228,0.941597861114078,0.346398565224637,-0.0436915799361056,0.124487469096537,200,"adipocyte","eGFR",0.749098247011807,""
"artery miR-TS vs. eGFR","Pooled (RE)","notlog","df0",0.0618730917037881,0.0294024527403287,2.10435136994277,0.0353478081035666,0.0042453432756029,0.119500840131973,200,"artery","eGFR",0.371536452003918,""
"bladder miR-TS vs. eGFR","Pooled (RE)","notlog","df0",-0.0436689124372403,0.0254773067800547,-1.71403173868547,0.0865228970172002,-0.0936035161492256,0.00626569127474494,200,"bladder","eGFR",0.52773605558657,""
"bone miR-TS vs. eGFR","Pooled (RE)","notlog","df0",0.0366934619209683,0.0784596624128669,0.467672951839655,0.640018486648746,-0.117084650647422,0.190471574489358,200,"bone","eGFR",0.888416604380379,""
"bowel miR-TS vs. eGFR","Pooled (RE)","notlog","df0",0.0257656206482063,0.0258254473100735,0.997683422046909,0.318432894497159,-0.0248513259641746,0.0763825672605872,200,"bowel","eGFR",0.749098247011807,""
"brain miR-TS vs. eGFR","Pooled (RE)","notlog","df0",-0.00548416387845191,0.0425038859193737,-0.129027352672057,0.897336005427981,-0.0887902494834235,0.0778219217265197,200,"brain","eGFR",0.994173306793156,""
"heart miR-TS vs. eGFR","Pooled (RE)","notlog","df0",-0.0391388966820058,0.0279276228775075,-1.40144031784129,0.161082442900853,-0.0938760316957374,0.0155982383317257,200,"heart","eGFR",0.645570923765637,""
"liver miR-TS vs. eGFR","Pooled (RE)","notlog","df0",0.0314599228587423,0.0257760875225365,1.22050807094895,0.222272331839296,-0.0190602803477814,0.081980126065266,200,"liver","eGFR",0.64805270075419,""
"lung miR-TS vs. eGFR","Pooled (RE)","notlog","df0",-0.0390235780115113,0.026389674536822,-1.47874419432725,0.139208695836902,-0.090746389667416,0.0126992336443935,200,"lung","eGFR",0.608662429881766,""
"lymph node miR-TS vs. eGFR","Pooled (RE)","notlog","df0",0.0392460912629879,0.0427129404931593,0.918833749441188,0.358182536752289,-0.0444697337774068,0.122961916303383,200,"lymph node","eGFR",0.749428076897097,""
"nerve miR-TS vs. eGFR","Pooled (RE)","notlog","df0",-0.000857170837809193,0.0277270801049655,-0.0309145728495113,0.975337668025013,-0.0552012492399986,0.0534869075643802,200,"nerve","eGFR",0.999625217646664,""
"pancreas miR-TS vs. eGFR","Pooled (RE)","notlog","df0",-0.0468189406954066,0.0302254122740938,-1.54899262484287,0.121383493001163,-0.106059660170505,0.0124217787796921,200,"pancreas","eGFR",0.579359110534137,""
"salivary gland miR-TS vs. eGFR","Pooled (RE)","notlog","df0",0.0457317080416148,0.0250537801471592,1.82534163599261,0.0679494907818586,-0.00337279872340181,0.0948362148066314,200,"salivary gland","eGFR",0.473904140837578,""
"skin miR-TS vs. eGFR","Pooled (RE)","notlog","df0",0.0316593698939256,0.0320670659697109,0.987286143479095,0.32350238162171,-0.0311909244965777,0.0945096642844289,200,"skin","eGFR",0.749098247011807,""
"spleen miR-TS vs. eGFR","Pooled (RE)","notlog","df0",0.035720181654452,0.0766418911638783,0.466066026190218,0.641168240437052,-0.114495164733788,0.185935528042692,200,"spleen","eGFR",0.888416604380379,""
"stomach miR-TS vs. eGFR","Pooled (RE)","notlog","df0",0.0637339856086679,0.024983199363322,2.55107381091616,0.0107391579440131,0.0147678146379728,0.112700156579363,200,"stomach","eGFR",0.196650568976083,"1"
"adipocyte miR-TS vs. Diabetes","Pooled (RE)","log","df0",-0.33016306497454,0.335325529036813,-0.984604619644972,0.324818319621323,-0.987389024983534,0.327062895034453,200,"adipocyte","Diabetes",0.749098247011807,""
"artery miR-TS vs. Diabetes","Pooled (RE)","log","df0",0.0245568831803698,0.321043905030993,0.0764907316274985,0.93902868746342,-0.604677608136474,0.653791374497214,200,"artery","Diabetes",0.999625217646664,""
"bladder miR-TS vs. Diabetes","Pooled (RE)","log","df0",0.00338035430116734,0.333660312796088,0.010131124894177,0.991916670142021,-0.650581841849534,0.657342550451869,200,"bladder","Diabetes",0.999625217646664,""
"bone miR-TS vs. Diabetes","Pooled (RE)","log","df0",0.157109688784664,0.403527101861974,0.389341107597781,0.697023831022218,-0.633788897650632,0.948008275219959,200,"bone","Diabetes",0.899261768788426,""
"bowel miR-TS vs. Diabetes","Pooled (RE)","log","df0",0.304012161828225,0.460108240876622,0.660740527596301,0.50877872849521,-0.597783419280034,1.20580774293648,200,"bowel","Diabetes",0.85955164068756,""
"brain miR-TS vs. Diabetes","Pooled (RE)","log","df0",0.311591260865492,0.321499505295325,0.969181151862952,0.332454813419111,-0.318536190560789,0.941718712291774,200,"brain","Diabetes",0.749098247011807,""
"heart miR-TS vs. Diabetes","Pooled (RE)","log","df0",0.424130601827864,0.336730646489499,1.25955450223949,0.207830117249695,-0.235849337782442,1.08411054143817,200,"heart","Diabetes",0.64805270075419,""
"liver miR-TS vs. Diabetes","Pooled (RE)","log","df0",0.29995864960546,0.313613839476131,0.956458586478579,0.338840597763423,-0.314713180821082,0.914630480032003,200,"liver","Diabetes",0.749098247011807,""
"lung miR-TS vs. Diabetes","Pooled (RE)","log","df0",-0.181003063854582,0.541241048706165,-0.33442227688988,0.738060931606348,-1.24181602627335,0.87980989856419,200,"lung","Diabetes",0.922249412152561,""
"nerve miR-TS vs. Diabetes","Pooled (RE)","log","df0",0.250909010699879,0.348483983662895,0.720001556635656,0.471524037134541,-0.43210704646844,0.933925067868198,200,"nerve","Diabetes",0.833099975041102,""
"salivary gland miR-TS vs. Diabetes","Pooled (RE)","log","df0",-0.207211484687399,0.486489964876313,-0.425931673102611,0.670157634741968,-1.16071429468513,0.746291325310331,200,"salivary gland","Diabetes",0.894437626604149,""
"skin miR-TS vs. Diabetes","Pooled (RE)","log","df0",-0.235847907915912,0.517699137183929,-0.45556944367114,0.64869962026313,-1.25051957162387,0.778823755792049,200,"skin","Diabetes",0.888416604380379,""
"spleen miR-TS vs. Diabetes","Pooled (RE)","log","df0",-0.225147284679585,0.453363055952341,-0.496615861666623,0.619459965566908,-1.11372254626719,0.66342797690802,200,"spleen","Diabetes",0.888416604380379,""
"stomach miR-TS vs. Diabetes","Pooled (RE)","log","df0",-0.318634642201554,0.325045358838679,-0.980277470627391,0.326949172508879,-0.955711838867263,0.318442554464156,200,"stomach","Diabetes",0.749098247011807,""
"adipocyte miR-TS vs. Fasting Blood Glucose","Pooled (RE)","log","df0",0.244533434507672,0.184397303335708,1.32612261721898,0.18479908565639,-0.116878638876623,0.605945507891968,200,"adipocyte","Fasting Blood Glucose",0.64805270075419,""
"artery miR-TS vs. Fasting Blood Glucose","Pooled (RE)","log","df0",-0.241983266500795,0.143077536857939,-1.69127363955852,0.0907845521995438,-0.522410085739057,0.0384435527374675,200,"artery","Fasting Blood Glucose",0.52773605558657,""
"bladder miR-TS vs. Fasting Blood Glucose","Pooled (RE)","log","df0",0.173668074618168,0.0907581192586851,1.91352659174401,0.0556806726007924,-0.00421457043344542,0.351550719669782,200,"bladder","Fasting Blood Glucose",0.456147835481439,""
"bone miR-TS vs. Fasting Blood Glucose","Pooled (RE)","log","df0",-0.152750441118439,0.0916142301116357,-1.66732221547139,0.0954503515397,-0.33231103260861,0.0268101503717323,200,"bone","Fasting Blood Glucose",0.52773605558657,""
"bowel miR-TS vs. Fasting Blood Glucose","Pooled (RE)","log","df0",0.0699559321304656,0.0910555651957599,0.768277391723039,0.442322403322904,-0.108509696245163,0.248421560506094,200,"bowel","Fasting Blood Glucose",0.824494945029361,""
"brain miR-TS vs. Fasting Blood Glucose","Pooled (RE)","log","df0",-0.126461665793006,0.101207428884286,-1.24952947809389,0.21147147867494,-0.324824581374105,0.0719012497880933,200,"brain","Fasting Blood Glucose",0.64805270075419,""
"heart miR-TS vs. Fasting Blood Glucose","Pooled (RE)","log","df0",-0.0504023946292075,0.0919032397457619,-0.54842892120712,0.583397422469192,-0.230529434593451,0.129724645335036,200,"heart","Fasting Blood Glucose",0.884413041012395,""
"kidney miR-TS vs. Fasting Blood Glucose","Pooled (RE)","log","df0",-0.100963564989827,0.0916184479758222,-1.10200038551702,0.270461504009705,-0.280532423341895,0.0786052933622414,200,"kidney","Fasting Blood Glucose",0.707360856640766,""
"liver miR-TS vs. Fasting Blood Glucose","Pooled (RE)","log","df0",-0.041054549377796,0.265725844005129,-0.15449964805457,0.877215788699194,-0.561867633389358,0.479758534633766,200,"liver","Fasting Blood Glucose",0.993020452556258,""
"lung miR-TS vs. Fasting Blood Glucose","Pooled (RE)","log","df0",0.190858117067917,0.100284369767894,1.90316913303294,0.0570184794351799,-0.00569563588945238,0.387411870025287,200,"lung","Fasting Blood Glucose",0.456147835481439,""
"nerve miR-TS vs. Fasting Blood Glucose","Pooled (RE)","log","df0",-0.223746170460407,0.0998100983033058,-2.24171876657691,0.0249795542117518,-0.419370368428289,-0.0281219724925253,200,"nerve","Fasting Blood Glucose",0.302700112273974,""
"salivary gland miR-TS vs. Fasting Blood Glucose","Pooled (RE)","log","df0",-0.0951985361778345,0.0717698922607609,-1.32644111867899,0.184693626481206,-0.235864940183246,0.0454678678275769,200,"salivary gland","Fasting Blood Glucose",0.64805270075419,""
"skin miR-TS vs. Fasting Blood Glucose","Pooled (RE)","log","df0",0.11794279334195,0.091564366380073,1.28808616282433,0.19771597150338,-0.0615200670302237,0.297405653714123,200,"skin","Fasting Blood Glucose",0.64805270075419,""
"spleen miR-TS vs. Fasting Blood Glucose","Pooled (RE)","log","df0",0.0631012696706838,0.244196052315942,0.258404135006422,0.796095025669814,-0.415514198035421,0.541716737376789,200,"spleen","Fasting Blood Glucose",0.966686816884774,""
"stomach miR-TS vs. Fasting Blood Glucose","Pooled (RE)","log","df0",-0.0474991565195355,0.091603495487739,-0.518529956380248,0.604088564827445,-0.227038708533481,0.13204039549441,200,"stomach","Fasting Blood Glucose",0.888416604380379,""
"adipocyte miR-TS vs. Mean Arterial Pressure","Pooled (RE)","notlog","df0",0.0879962297590823,0.0341887406622279,2.57383653374228,0.0100577780018269,0.0209875293843356,0.155004930133829,200,"adipocyte","Mean Arterial Pressure",0.196650568976083,"1"
"bladder miR-TS vs. Mean Arterial Pressure","Pooled (RE)","notlog","df0",-0.00807780611467267,0.0343892696872545,-0.234893214893321,0.814291615987352,-0.0754795361563266,0.0593239239269812,200,"bladder","Mean Arterial Pressure",0.968499534849436,""
"bone miR-TS vs. Mean Arterial Pressure","Pooled (RE)","notlog","df0",-0.012194555397718,0.0339845733351221,-0.358826202626334,0.719725109424344,-0.0788030951645176,0.0544139843690815,200,"bone","Mean Arterial Pressure",0.90900778470002,""
"bowel miR-TS vs. Mean Arterial Pressure","Pooled (RE)","notlog","df0",0.0592757393748579,0.0337730892593785,1.7551174818394,0.0792392146511498,-0.00691829922018056,0.125469777969896,200,"bowel","Mean Arterial Pressure",0.520957048608586,""
"brain miR-TS vs. Mean Arterial Pressure","Pooled (RE)","notlog","df0",-0.165055888697173,0.0728798259413583,-2.26476787732703,0.0235269276364887,-0.307897722741783,-0.0222140546525631,200,"brain","Mean Arterial Pressure",0.302700112273974,""
"kidney miR-TS vs. Mean Arterial Pressure","Pooled (RE)","notlog","df0",-0.0249677603872142,0.035309404234966,-0.707113612596423,0.479495877206105,-0.0941729210033136,0.0442374002288852,200,"kidney","Mean Arterial Pressure",0.833099975041102,""
"liver miR-TS vs. Mean Arterial Pressure","Pooled (RE)","notlog","df0",-0.0605414618076323,0.0346480275092657,-1.74732780362293,0.0805804928678123,-0.128450347861146,0.00736742424588156,200,"liver","Mean Arterial Pressure",0.520957048608586,""
"lung miR-TS vs. Mean Arterial Pressure","Pooled (RE)","notlog","df0",-0.128022459732585,0.0932855101925889,-1.37237240240506,0.169947536837203,-0.310858699989503,0.0548137805243338,200,"lung","Mean Arterial Pressure",0.64805270075419,""
"lymph node miR-TS vs. Mean Arterial Pressure","Pooled (RE)","notlog","df0",0.0709239966719748,0.0941868091014199,0.753014114700543,0.451441432279964,-0.113678756985558,0.255526750329507,200,"lymph node","Mean Arterial Pressure",0.824494945029361,""
"nerve miR-TS vs. Mean Arterial Pressure","Pooled (RE)","notlog","df0",-0.0238396834825446,0.0340571401516407,-0.699990761890092,0.483933073737111,-0.0905904515961934,0.0429110846311041,200,"nerve","Mean Arterial Pressure",0.833099975041102,""
"pancreas miR-TS vs. Mean Arterial Pressure","Pooled (RE)","notlog","df0",0.0173493165073092,0.0336532061195542,0.515532352123455,0.606181068240289,-0.0486097554513199,0.0833083884659383,200,"pancreas","Mean Arterial Pressure",0.888416604380379,""
"salivary gland miR-TS vs. Mean Arterial Pressure","Pooled (RE)","notlog","df0",0.0125076393314011,0.0609312519962481,0.205274615597449,0.837357575568404,-0.106915420114179,0.131930698776982,200,"salivary gland","Mean Arterial Pressure",0.96900049724141,""
"skin miR-TS vs. Mean Arterial Pressure","Pooled (RE)","notlog","df0",0.0530084294458839,0.0540949481603099,0.97991459921163,0.327128275869579,-0.0530157206938847,0.159032579585653,200,"skin","Mean Arterial Pressure",0.749098247011807,""
"spleen miR-TS vs. Mean Arterial Pressure","Pooled (RE)","notlog","df0",0.0171101818066031,0.0339201338932765,0.504425538544074,0.613962375386736,-0.0493720589749953,0.0835924225882015,200,"spleen","Mean Arterial Pressure",0.888416604380379,""
"stomach miR-TS vs. Mean Arterial Pressure","Pooled (RE)","notlog","df0",0.0718811587694088,0.0877555111561467,0.819107060313374,0.412725334065119,-0.100116482541542,0.243878800080359,200,"stomach","Mean Arterial Pressure",0.804510427876542,""
"adipocyte miR-TS vs. Arterial Stiffness","Pooled (RE)","notlog","df0",-0.0539729632244755,0.0475574335888051,-1.13490066960175,0.256416939349021,-0.147183820255689,0.039237893806738,200,"adipocyte","Arterial Stiffness",0.706140156829554,""
"bladder miR-TS vs. Arterial Stiffness","Pooled (RE)","notlog","df0",-0.0835001336498144,0.0546798673291429,-1.52707271850514,0.126742929958162,-0.190670704294363,0.023670436994734,200,"bladder","Arterial Stiffness",0.583303894170859,""
"bone miR-TS vs. Arterial Stiffness","Pooled (RE)","notlog","df0",-0.0227557014698859,0.108425214225466,-0.209874627709439,0.833765525359118,-0.23526521636784,0.189753813428068,200,"bone","Arterial Stiffness",0.96900049724141,""
"bowel miR-TS vs. Arterial Stiffness","Pooled (RE)","notlog","df0",0.084050679760091,0.06674231149068,1.25933126801921,0.207910703818345,-0.0467618470065955,0.214863206526778,200,"bowel","Arterial Stiffness",0.64805270075419,""
"brain miR-TS vs. Arterial Stiffness","Pooled (RE)","notlog","df0",-0.0623460057569363,0.106838295914825,-0.583554850094582,0.559519844169256,-0.271745217919626,0.147053206405753,200,"brain","Arterial Stiffness",0.884413041012395,""
"heart miR-TS vs. Arterial Stiffness","Pooled (RE)","notlog","df0",-0.0262322514688619,0.0529286567408118,-0.495615288279836,0.620165864297056,-0.129970512430936,0.0775060094932123,200,"heart","Arterial Stiffness",0.888416604380379,""
"kidney miR-TS vs. Arterial Stiffness","Pooled (RE)","notlog","df0",0.0219586345435014,0.0520121610508064,0.422182699197056,0.672891668527683,-0.079983327874176,0.123900596961179,200,"kidney","Arterial Stiffness",0.894437626604149,""
"liver miR-TS vs. Arterial Stiffness","Pooled (RE)","notlog","df0",0.0589842763790384,0.0921231773823103,0.640276182987635,0.521993061921211,-0.121573833431685,0.239542386189761,200,"liver","Arterial Stiffness",0.865942647061731,""
"lung miR-TS vs. Arterial Stiffness","Pooled (RE)","notlog","df0",-0.0934378154186906,0.0498520972837826,-1.87430059134316,0.0608890060744887,-0.191146130648692,0.00427049981131038,200,"lung","Arterial Stiffness",0.466324764954375,""
"nerve miR-TS vs. Arterial Stiffness","Pooled (RE)","notlog","df0",0.0719600690799321,0.0678630585567755,1.06037173405217,0.288975516230054,-0.0610490815720806,0.204969219731945,200,"nerve","Arterial Stiffness",0.727790189023839,""
"pancreas miR-TS vs. Arterial Stiffness","Pooled (RE)","notlog","df0",0.0529312403246401,0.127236453512722,0.416006882173492,0.677404967207554,-0.1964476260809,0.302310106730181,200,"pancreas","Arterial Stiffness",0.894437626604149,""
"salivary gland miR-TS vs. Arterial Stiffness","Pooled (RE)","notlog","df0",-0.00651861382605981,0.0566799126907246,-0.115007478251225,0.908439194590913,-0.117609201346755,0.104571973694635,200,"salivary gland","Arterial Stiffness",0.995751691153196,""
"skin miR-TS vs. Arterial Stiffness","Pooled (RE)","notlog","df0",0.0926143857230744,0.0675256711011324,1.37154335844166,0.170205636976224,-0.0397334976670422,0.224962269113191,200,"skin","Arterial Stiffness",0.64805270075419,""
"spleen miR-TS vs. Arterial Stiffness","Pooled (RE)","notlog","df0",-0.00539054070172182,0.0485280087745332,-0.111081019762564,0.911552099621859,-0.100503690141251,0.089722608737807,200,"spleen","Arterial Stiffness",0.995751691153196,""
"stomach miR-TS vs. Arterial Stiffness","Pooled (RE)","notlog","df0",0.0409384488686477,0.0508803968096344,0.804601603674912,0.42104961642448,-0.0587852963973424,0.140662194134638,200,"stomach","Arterial Stiffness",0.811741558174823,""
"kidney miR-TS vs. Diabetes","Pooled (RE)","log","df0",0.0303440550177102,0.42589050892143,0.0712484884778407,0.943199991216818,-0.804386003825727,0.865074113861148,200,"kidney","Diabetes",0.999625217646664,""
"adipocyte miR-TS vs. Lung Diseases","Pooled (RE)","notlog","df0",0.127370914752132,0.150064052053136,0.848776992287477,0.396005394943657,-0.166749222646158,0.421491052150423,200,"adipocyte","Lung Diseases",0.797877536479073,""
"bladder miR-TS vs. Lung Diseases","Pooled (RE)","notlog","df0",0.218068293180849,0.148827683179148,1.46524012551048,0.142855415667867,-0.0736286057528195,0.509765192114517,200,"bladder","Lung Diseases",0.608662429881766,""
"bone miR-TS vs. Lung Diseases","Pooled (RE)","notlog","df0",-0.195620298533387,0.416803954595083,-0.46933407511315,0.638830862460708,-1.01254103815362,0.621300441086845,200,"bone","Lung Diseases",0.888416604380379,""
"bowel miR-TS vs. Lung Diseases","Pooled (RE)","notlog","df0",0.0939599519506395,0.174331280724382,0.538973565502513,0.589905094703494,-0.24772307964789,0.435642983549169,200,"bowel","Lung Diseases",0.884413041012395,""
"brain miR-TS vs. Lung Diseases","Pooled (RE)","notlog","df0",0.194482309531875,0.356583139088065,0.545405231523984,0.585474843158905,-0.504407800574969,0.893372419638719,200,"brain","Lung Diseases",0.884413041012395,""
"heart miR-TS vs. Lung Diseases","Pooled (RE)","notlog","df0",-0.332050990405221,0.148749202611913,-2.23228753213249,0.0255959653761081,-0.623594070253621,-0.0405079105568215,200,"heart","Lung Diseases",0.302700112273974,""
"kidney miR-TS vs. Lung Diseases","Pooled (RE)","notlog","df0",-0.0880801978887515,0.148344831433921,-0.593753061952725,0.552677287304567,-0.378830724791902,0.202670329014399,200,"kidney","Lung Diseases",0.884413041012395,""
"liver miR-TS vs. Lung Diseases","Pooled (RE)","notlog","df0",-0.297505852590922,0.14654586265056,-2.03012113211498,0.0423442279857406,-0.584730465469374,-0.0102812397124706,200,"liver","Lung Diseases",0.371536452003918,""
"nerve miR-TS vs. Lung Diseases","Pooled (RE)","notlog","df0",0.0103560297713721,0.147244741683152,0.0703320855671485,0.943929345141051,-0.27823836084051,0.298950420383254,200,"nerve","Lung Diseases",0.999625217646664,""
"pancreas miR-TS vs. Lung Diseases","Pooled (RE)","notlog","df0",0.0684262558132799,0.145774338673305,0.469398499324562,0.638784820838983,-0.217286197856542,0.354138709483102,200,"pancreas","Lung Diseases",0.888416604380379,""
"salivary gland miR-TS vs. Lung Diseases","Pooled (RE)","notlog","df0",-0.238495195476993,0.144545786835446,-1.64996296812511,0.0989505104224819,-0.521799731791471,0.0448093408374856,200,"salivary gland","Lung Diseases",0.52773605558657,""
"skin miR-TS vs. Lung Diseases","Pooled (RE)","notlog","df0",-0.358444186671211,0.144823528089749,-2.47504111658623,0.0133220837708553,-0.642293085841144,-0.0745952875012774,200,"skin","Lung Diseases",0.226475424104539,""
"spleen miR-TS vs. Lung Diseases","Pooled (RE)","notlog","df0",-0.0609591526847471,0.145810574719912,-0.418070862156902,0.675895307992609,-0.346742627700862,0.224824322331368,200,"spleen","Lung Diseases",0.894437626604149,""
"stomach miR-TS vs. Lung Diseases","Pooled (RE)","notlog","df0",-0.232319908844912,0.145761427635761,-1.59383667279556,0.110972621298461,-0.518007057346144,0.0533672396563208,200,"stomach","Lung Diseases",0.558973203577435,""
"adipocyte miR-TS vs. %Lymphocytes","Pooled (RE)","log","df0_noExcld",0.000203059004864618,0.0366017741124995,0.0055477913240078,0.995573525662359,-0.0715351000259049,0.0719412180356341,200,"adipocyte","%Lymphocytes",0.999625217646664,""
"artery miR-TS vs. %Lymphocytes","Pooled (RE)","log","df0_noExcld",-0.00139261968147812,0.0355274343316588,-0.0391984309499418,0.968732184597245,-0.0710251114346412,0.068239872071685,200,"artery","%Lymphocytes",0.999625217646664,""
"bladder miR-TS vs. %Lymphocytes","Pooled (RE)","log","df0_noExcld",-0.0288161978425442,0.0352826690417955,-0.816723865431179,0.414086249642338,-0.0979689584429097,0.0403365627578213,200,"bladder","%Lymphocytes",0.804510427876542,""
"bone miR-TS vs. %Lymphocytes","Pooled (RE)","log","df0_noExcld",0.0126140284317405,0.0344993811699754,0.365630570867121,0.714640760089607,-0.0550035161503306,0.0802315730138116,200,"bone","%Lymphocytes",0.908328442730716,""
"bowel miR-TS vs. %Lymphocytes","Pooled (RE)","log","df0_noExcld",0.0541092721334365,0.0354635741641227,1.52577041115548,0.127067052026543,-0.0153980559913091,0.123616600258182,200,"bowel","%Lymphocytes",0.583303894170859,""
"heart miR-TS vs. %Lymphocytes","Pooled (RE)","log","df0_noExcld",-0.0237060858653419,0.0366490912835948,-0.646839663278457,0.51773571920549,-0.0955369848473085,0.0481248131166247,200,"heart","%Lymphocytes",0.865942647061731,""
"kidney miR-TS vs. %Lymphocytes","Pooled (RE)","log","df0_noExcld",0.0220551402117917,0.0366126576704975,0.602391129600071,0.546913813174832,-0.0497043502006775,0.0938146306242609,200,"kidney","%Lymphocytes",0.884413041012395,""
"liver miR-TS vs. %Lymphocytes","Pooled (RE)","log","df0_noExcld",0.0206063990352586,0.0363915342675901,0.566241557273677,0.571229583195988,-0.0507196974713732,0.0919324955418904,200,"liver","%Lymphocytes",0.884413041012395,""
"lung miR-TS vs. %Lymphocytes","Pooled (RE)","log","df0_noExcld",0.015649443360252,0.0389367074943976,0.401920048388881,0.687742867593439,-0.0606651010053381,0.0919639877258421,200,"lung","%Lymphocytes",0.899261768788426,""
"nerve miR-TS vs. %Lymphocytes","Pooled (RE)","log","df0_noExcld",0.024283542785365,0.0354997177095181,0.684048898193186,0.493944289017879,-0.0452946253866292,0.0938617109573592,200,"nerve","%Lymphocytes",0.839705291330394,""
"pancreas miR-TS vs. %Lymphocytes","Pooled (RE)","log","df0_noExcld",0.0471125080015608,0.0352860043454803,1.3351613160926,0.181823554738187,-0.0220467896739044,0.116271805677026,200,"pancreas","%Lymphocytes",0.64805270075419,""
"salivary gland miR-TS vs. %Lymphocytes","Pooled (RE)","log","df0_noExcld",-0.0415455433793555,0.0348339909027573,-1.19267251046066,0.232997655643261,-0.109818910986556,0.0267278242278447,200,"salivary gland","%Lymphocytes",0.667109077210179,""
"skin miR-TS vs. %Lymphocytes","Pooled (RE)","log","df0_noExcld",-0.034334181368057,0.034525364114517,-0.994462542210247,0.319997732826211,-0.102002651585642,0.0333342888495279,200,"skin","%Lymphocytes",0.749098247011807,""
"spleen miR-TS vs. %Lymphocytes","Pooled (RE)","log","df0_noExcld",-0.0548154722640617,0.0343835001738863,-1.59423770084039,0.110882805333477,-0.122205894267306,0.0125749497391821,200,"spleen","%Lymphocytes",0.558973203577435,""
"stomach miR-TS vs. %Lymphocytes","Pooled (RE)","log","df0_noExcld",-0.0070336035281632,0.0350046020474975,-0.200933680623461,0.840750431430047,-0.0756413628344153,0.0615741557780889,200,"stomach","%Lymphocytes",0.96900049724141,""
"lymph node miR-TS vs. Fasting Blood Glucose","Pooled (RE)","log","df0",-0.0925964327053426,0.212664357597873,-0.435411150938763,0.663264017822978,-0.509410914392521,0.324218048981835,200,"lymph node","Fasting Blood Glucose",0.894437626604149,""
"lymph node miR-TS vs. Diabetes","Pooled (RE)","log","df0",-0.498783865730344,3.64822241637866,-0.13671969765085,0.891252359263762,-7.64916840942421,6.65160067796352,200,"lymph node","Diabetes",0.994173306793156,""
"artery miR-TS vs. Lung Diseases","Pooled (RE)","notlog","df0",-0.212045800125229,0.164348475557847,-1.29022066925466,0.196974051647246,-0.534162893132671,0.110071292882212,200,"artery","Lung Diseases",0.64805270075419,""
"lymph node miR-TS vs. Lung Diseases","Pooled (RE)","notlog","df0",0.176209398148012,0.159377604147463,1.10560953084083,0.268895562784696,-0.136164965923297,0.488583762219321,200,"lymph node","Lung Diseases",0.707360856640766,""
"adipocyte miR-TS vs. Coronary Heart Diseases","Pooled (RE)","notlog","df0",-4.74789867369801e-05,0.101079329775646,-0.000469720039125345,0.999625217646664,-0.19815932492845,0.198064366954976,200,"adipocyte","Coronary Heart Diseases",0.999625217646664,""
"artery miR-TS vs. Coronary Heart Diseases","Pooled (RE)","notlog","df0",0.174588726365801,0.100501812236933,1.7371699323611,0.0823571804785633,-0.0223912059995945,0.371568658731197,200,"artery","Coronary Heart Diseases",0.520957048608586,""
"bladder miR-TS vs. Coronary Heart Diseases","Pooled (RE)","notlog","df0",-0.0540254978817258,0.100593757134046,-0.537066110471788,0.591221948989143,-0.251185638934025,0.143134643170573,200,"bladder","Coronary Heart Diseases",0.884413041012395,""
"bone miR-TS vs. Coronary Heart Diseases","Pooled (RE)","notlog","df0",0.0324597841303985,0.100913350848626,0.321659957353804,0.747710316262356,-0.165326749092163,0.23024631735296,200,"bone","Coronary Heart Diseases",0.928663041202561,""
"bowel miR-TS vs. Coronary Heart Diseases","Pooled (RE)","notlog","df0",-0.00532790376239194,0.100113281951936,-0.0532187503846877,0.957557616138126,-0.20154633076229,0.190890523237506,200,"bowel","Coronary Heart Diseases",0.999625217646664,""
"kidney miR-TS vs. Coronary Heart Diseases","Pooled (RE)","notlog","df0",0.202578905162305,0.0986991807390584,2.05248821363456,0.0401222393446983,0.00913206561014115,0.396025744714469,200,"kidney","Coronary Heart Diseases",0.371536452003918,""
"liver miR-TS vs. Coronary Heart Diseases","Pooled (RE)","notlog","df0",0.14522138588606,0.100309115229867,1.44773867811786,0.147690148427193,-0.0513808672855575,0.341823639057678,200,"liver","Coronary Heart Diseases",0.608662429881766,""
"lung miR-TS vs. Coronary Heart Diseases","Pooled (RE)","notlog","df0",-0.121647301228852,0.100033384955329,-1.21606702885417,0.223959389231227,-0.317709132992928,0.0744145305352237,200,"lung","Coronary Heart Diseases",0.64805270075419,""
"lymph node miR-TS vs. Coronary Heart Diseases","Pooled (RE)","notlog","df0",0.00439511922363783,0.100540219285653,0.0437150351855758,0.965131554328956,-0.192660089574001,0.201450328021277,200,"lymph node","Coronary Heart Diseases",0.999625217646664,""
"nerve miR-TS vs. Coronary Heart Diseases","Pooled (RE)","notlog","df0",0.0928634292432851,0.100456547788626,0.924413901209129,0.355270859796041,-0.104027786433649,0.289754644920219,200,"nerve","Coronary Heart Diseases",0.749098247011807,""
"pancreas miR-TS vs. Coronary Heart Diseases","Pooled (RE)","notlog","df0",0.204031157047244,0.0996112114493702,2.04827502927166,0.0405330583092249,0.00879677015007457,0.399265543944413,200,"pancreas","Coronary Heart Diseases",0.371536452003918,""
"salivary gland miR-TS vs. Coronary Heart Diseases","Pooled (RE)","notlog","df0",0.0903585767196669,0.100512513188319,0.898978384416398,0.368664174292704,-0.106642329125046,0.287359482564379,200,"salivary gland","Coronary Heart Diseases",0.753959815094853,""
"skin miR-TS vs. Coronary Heart Diseases","Pooled (RE)","notlog","df0",0.111856205781406,0.100963219429367,1.10789063991427,0.267909048446499,-0.0860280680633679,0.30974047962618,200,"skin","Coronary Heart Diseases",0.707360856640766,""
"spleen miR-TS vs. Coronary Heart Diseases","Pooled (RE)","notlog","df0",-0.322763612583768,0.0999550134902836,-3.22908878017553,0.00124185336231342,-0.518671839098939,-0.126855386068597,200,"spleen","Coronary Heart Diseases",0.0825208993517013,"1"
"stomach miR-TS vs. Coronary Heart Diseases","Pooled (RE)","notlog","df0",0.170289338391147,0.100443387006912,1.69537630565394,0.0900040578237045,-0.0265760826276189,0.367154759409913,200,"stomach","Coronary Heart Diseases",0.52773605558657,""
"lymph node miR-TS vs. Arterial Stiffness","Pooled (RE)","notlog","df0",0.0777473141151411,0.0659178993314557,1.17945679252009,0.238216332024128,-0.051449394511049,0.206944022741331,200,"lymph node","Arterial Stiffness",0.674946274068363,""
"adipocyte miR-TS vs. Cognitive Impairment","Pooled (RE)","notlog","df0_noExcld",0.235477783951933,0.590118728106191,0.399034588696462,0.689867718292854,-0.921133669738786,1.39208923764265,200,"adipocyte","Cognitive Impairment",0.899261768788426,""
"bladder miR-TS vs. Cognitive Impairment","Pooled (RE)","notlog","df0_noExcld",0.38187932693718,0.504088979002894,0.757563332752386,0.448712438096559,-0.606116916912059,1.36987557078642,200,"bladder","Cognitive Impairment",0.824494945029361,""
"bone miR-TS vs. Cognitive Impairment","Pooled (RE)","notlog","df0_noExcld",-1.31811377549319,1.01982102325474,-1.29249519811472,0.196185707799037,-3.31692625174927,0.680698700762885,200,"bone","Cognitive Impairment",0.64805270075419,""
"bowel miR-TS vs. Cognitive Impairment","Pooled (RE)","notlog","df0_noExcld",1.02985676515675,0.677819325615536,1.5193676636787,0.128669976655337,-0.298644701074928,2.35835823138843,200,"bowel","Cognitive Impairment",0.583303894170859,""
"heart miR-TS vs. Cognitive Impairment","Pooled (RE)","notlog","df0_noExcld",-2.46962880358309,1.93416404780814,-1.2768455738704,0.201656772222654,-6.26052067747925,1.32126307031307,200,"heart","Cognitive Impairment",0.64805270075419,""
"kidney miR-TS vs. Cognitive Impairment","Pooled (RE)","notlog","df0_noExcld",-0.273611974688138,0.768626465102953,-0.355975219577548,0.721859123144134,-1.78009216385426,1.23286821447798,200,"kidney","Cognitive Impairment",0.90900778470002,""
"liver miR-TS vs. Cognitive Impairment","Pooled (RE)","notlog","df0_noExcld",-1.44523851152705,0.778045253556447,-1.8575250024608,0.0632364974310119,-2.97017918684002,0.0797021637859205,200,"liver","Cognitive Impairment",0.466324764954375,""
"lung miR-TS vs. Cognitive Impairment","Pooled (RE)","notlog","df0_noExcld",-0.0756307237278407,0.641827615336391,-0.117836506128209,0.906197203334931,-1.33358973407039,1.18232828661471,200,"lung","Cognitive Impairment",0.995751691153196,""
"lymph node miR-TS vs. Cognitive Impairment","Pooled (RE)","notlog","df0_noExcld",0.0440905759545048,0.819222058011834,0.053820054676638,0.957078531353609,-1.56155515308947,1.64973630499848,200,"lymph node","Cognitive Impairment",0.999625217646664,""
"pancreas miR-TS vs. Cognitive Impairment","Pooled (RE)","notlog","df0_noExcld",0.731900525512003,0.354490776600555,2.06465322604633,0.0389558232234497,0.0371113705232812,1.42668968050072,200,"pancreas","Cognitive Impairment",0.371536452003918,""
"skin miR-TS vs. Cognitive Impairment","Pooled (RE)","notlog","df0_noExcld",-0.583978076452024,0.799196306095234,-0.730706676192315,0.464958336807988,-2.15037405297613,0.982417900072083,200,"skin","Cognitive Impairment",0.833099975041102,""
"spleen miR-TS vs. Cognitive Impairment","Pooled (RE)","notlog","df0_noExcld",0.550282534888471,0.444035077933562,1.23927717028429,0.215242870303046,-0.320010225733746,1.42057529551069,200,"spleen","Cognitive Impairment",0.64805270075419,""
"stomach miR-TS vs. Cognitive Impairment","Pooled (RE)","notlog","df0_noExcld",-2.54331273169806,1.0977846443758,-2.31676836137946,0.0205163533840204,-4.69493109745574,-0.391694365940381,200,"stomach","Cognitive Impairment",0.293707795813345,""
"brain miR-TS vs. %Lymphocytes","Pooled (RE)","log","df0_noExcld",-0.00809477517452688,0.0345050182203252,-0.23459704101123,0.814521506399786,-0.0757233681722626,0.0595338178232089,200,"brain","%Lymphocytes",0.968499534849436,""
"adipocyte miR-TS vs. Hemoglobin A1C","Pooled (RE)","notlog","df0",0.109980044803435,0.138383867816999,0.794746140127217,0.426761186834558,-0.161247352159234,0.381207441766104,200,"adipocyte","Hemoglobin A1C",0.811741558174823,""
"artery miR-TS vs. Hemoglobin A1C","Pooled (RE)","notlog","df0",-0.102964304721482,0.440370897807574,-0.233812691152159,0.815130396525025,-0.966075404263896,0.760146794820933,200,"artery","Hemoglobin A1C",0.968499534849436,""
"bladder miR-TS vs. Hemoglobin A1C","Pooled (RE)","notlog","df0",-0.00098481318765659,0.119072657511711,-0.0082706912589041,0.993401018370596,-0.234362933454083,0.23239330707877,200,"bladder","Hemoglobin A1C",0.999625217646664,""
"bone miR-TS vs. Hemoglobin A1C","Pooled (RE)","notlog","df0",0.199060468800859,0.360526118392925,0.552138828909782,0.580853240747826,-0.507557738735298,0.905678676337016,200,"bone","Hemoglobin A1C",0.884413041012395,""
"bowel miR-TS vs. Hemoglobin A1C","Pooled (RE)","notlog","df0",0.112150426901259,0.120608207328091,0.929873923058783,0.352436366052396,-0.124237315701739,0.348538169504257,200,"bowel","Hemoglobin A1C",0.749098247011807,""
"brain miR-TS vs. Hemoglobin A1C","Pooled (RE)","notlog","df0",-0.155466566763472,0.127475779190944,-1.21957730127384,0.222625155518053,-0.405314502878903,0.0943813693519592,200,"brain","Hemoglobin A1C",0.64805270075419,""
"heart miR-TS vs. Hemoglobin A1C","Pooled (RE)","notlog","df0",-0.0913913813351969,0.121424315718239,-0.752661283653166,0.451653480916819,-0.329378666990365,0.146595904319972,200,"heart","Hemoglobin A1C",0.824494945029361,""
"kidney miR-TS vs. Hemoglobin A1C","Pooled (RE)","notlog","df0",0.00271447557373727,0.244734659422253,0.0110915044895781,0.991150441259686,-0.476956642662554,0.482385593810029,200,"kidney","Hemoglobin A1C",0.999625217646664,""
"liver miR-TS vs. Hemoglobin A1C","Pooled (RE)","notlog","df0",-0.186589613414965,0.119346555120818,-1.56342688924766,0.117952219626129,-0.420504563130692,0.0473253363007631,200,"liver","Hemoglobin A1C",0.579359110534137,""
"lung miR-TS vs. Hemoglobin A1C","Pooled (RE)","notlog","df0",-0.181951815049045,0.249170030587587,-0.730231539563449,0.46524866688914,-0.67031610102746,0.306412470929369,200,"lung","Hemoglobin A1C",0.833099975041102,""
"nerve miR-TS vs. Hemoglobin A1C","Pooled (RE)","notlog","df0",0.175320734056983,0.120711409828815,1.45239571226623,0.146391607844429,-0.0612692817305487,0.411910749844515,200,"nerve","Hemoglobin A1C",0.608662429881766,""
"salivary gland miR-TS vs. Hemoglobin A1C","Pooled (RE)","notlog","df0",0.116527112237447,0.121432091834012,0.959607221431467,0.337252933210963,-0.121475414324577,0.354529638799471,200,"salivary gland","Hemoglobin A1C",0.749098247011807,""
"skin miR-TS vs. Hemoglobin A1C","Pooled (RE)","notlog","df0",0.218919211280386,0.117943388580506,1.85613804991669,0.0634338834680583,-0.012245582552018,0.45008400511279,200,"skin","Hemoglobin A1C",0.466324764954375,""
"spleen miR-TS vs. Hemoglobin A1C","Pooled (RE)","notlog","df0",-0.0870515943357344,0.16232985390625,-0.536263615354506,0.591776373030352,-0.405212261607633,0.231109072936164,200,"spleen","Hemoglobin A1C",0.884413041012395,""
"stomach miR-TS vs. Hemoglobin A1C","Pooled (RE)","notlog","df0",0.172370330822053,0.129299003348002,1.33311414905594,0.182494346817363,-0.0810510589769548,0.425791720621061,200,"stomach","Hemoglobin A1C",0.64805270075419,""
"artery miR-TS vs. BMI","Pooled (RE)","notlog","df0_noExcld",0.0321411638148685,0.0462668876531263,0.694690424301681,0.487249330311959,-0.0585402696620199,0.122822597291757,200,"artery","BMI",0.833533445565113,""
"bladder miR-TS vs. BMI","Pooled (RE)","notlog","df0_noExcld",-0.0309834860748921,0.060471457012653,-0.512365463071431,0.608395257545791,-0.149505363912354,0.0875383917625699,200,"bladder","BMI",0.888416604380379,""
"bone miR-TS vs. BMI","Pooled (RE)","notlog","df0_noExcld",-0.0026506358654508,0.0154426029403858,-0.171644370815156,0.863717122224438,-0.0329175814561593,0.0276163097252577,200,"bone","BMI",0.987105282542215,""
"bowel miR-TS vs. BMI","Pooled (RE)","notlog","df0_noExcld",-0.0103453637870345,0.0165926473352343,-0.623490849773336,0.532962013391883,-0.0428663549722683,0.0221756273981992,200,"bowel","BMI",0.878579803894499,""
"brain miR-TS vs. BMI","Pooled (RE)","notlog","df0_noExcld",-0.0230294248347719,0.0158677719676608,-1.45133323580064,0.146687090820473,-0.0541296864062813,0.00807083673673752,200,"brain","BMI",0.608662429881766,""
"heart miR-TS vs. BMI","Pooled (RE)","notlog","df0_noExcld",0.0126963269076118,0.0222155230552632,0.571506998778669,0.567656017496987,-0.0308452981784234,0.056237951993647,200,"heart","BMI",0.884413041012395,""
"kidney miR-TS vs. BMI","Pooled (RE)","notlog","df0_noExcld",-0.0198825945544539,0.0175606013079977,-1.13222743377237,0.257538829235971,-0.0543007406649962,0.0145355515560885,200,"kidney","BMI",0.706140156829554,""
"liver miR-TS vs. BMI","Pooled (RE)","notlog","df0_noExcld",0.0243381888580407,0.0520699089741085,0.467413700879385,0.640203922093598,-0.0777169574094909,0.126393335125572,200,"liver","BMI",0.888416604380379,""
"lung miR-TS vs. BMI","Pooled (RE)","notlog","df0_noExcld",-0.0534992175767445,0.0503281903548418,-1.06300697878356,0.287778786520814,-0.152140658079311,0.0451422229258215,200,"lung","BMI",0.727790189023839,""
"lymph node miR-TS vs. BMI","Pooled (RE)","notlog","df0_noExcld",0.0248064410674394,0.0164658795214346,1.50653604838705,0.131929620376579,-0.00746608976834811,0.0570789719032269,200,"lymph node","BMI",0.588276340039828,""
"nerve miR-TS vs. BMI","Pooled (RE)","notlog","df0_noExcld",0.0142272340253032,0.0671078082321734,0.212005642861724,0.832102632021331,-0.117301653191177,0.145756121241783,200,"nerve","BMI",0.96900049724141,""
"pancreas miR-TS vs. BMI","Pooled (RE)","notlog","df0_noExcld",-0.0295395667356278,0.0409259498353087,-0.721780846980921,0.470429226815168,-0.109752954445926,0.0506738209746702,200,"pancreas","BMI",0.833099975041102,""
"salivary gland miR-TS vs. BMI","Pooled (RE)","notlog","df0_noExcld",0.0504161188469376,0.0465880215741052,1.08216913153831,0.279177382021307,-0.0408947255492836,0.141726963243159,200,"salivary gland","BMI",0.723202361045672,""
"skin miR-TS vs. BMI","Pooled (RE)","notlog","df0_noExcld",0.0392552271400105,0.0234600648406396,1.67327871455876,0.0942724407185702,-0.00672565502261747,0.0852361093026384,200,"skin","BMI",0.52773605558657,""
"spleen miR-TS vs. BMI","Pooled (RE)","notlog","df0_noExcld",-0.0196242653324953,0.0155294761989139,-1.26367850925118,0.206345441750633,-0.0500614793811386,0.010812948716148,200,"spleen","BMI",0.64805270075419,""
"stomach miR-TS vs. BMI","Pooled (RE)","notlog","df0_noExcld",0.0270540398449329,0.0153259832333053,1.76524007844019,0.0775234254530183,-0.00298433532001021,0.0570924150098761,200,"stomach","BMI",0.520957048608586,""
"lung miR-TS vs. Lung Function Decline","Pooled (RE)","log","df0_max",0.659218427861395,0.25285482150936,2.60710246269515,0.00913120316789467,0.163632084385746,1.15480477133704,200,"lung","Lung Function Decline",0.196650568976083,"1"
"adipocyte miR-TS vs. Lung Function Decline","Pooled (RE)","log","df0_max",0.417343947009994,0.205480312992324,2.03106536549603,0.0422483642605598,0.0146099340130212,0.820077960006967,200,"adipocyte","Lung Function Decline",0.371536452003918,""
"artery miR-TS vs. Lung Function Decline","Pooled (RE)","log","df0_max",-0.204469826795405,0.182919352879404,-1.11781407257771,0.263646409931171,-0.56298517051441,0.1540455169236,200,"artery","Lung Function Decline",0.707360856640766,""
"bladder miR-TS vs. Lung Function Decline","Pooled (RE)","log","df0_max",0.190883652826664,0.205425260952041,0.929212171580145,0.352779140821626,-0.211742460154079,0.593509765807407,200,"bladder","Lung Function Decline",0.749098247011807,""
"bone miR-TS vs. Lung Function Decline","Pooled (RE)","log","df0_max",-0.0975888908610492,0.210346116201205,-0.46394434384375,0.642687621297066,-0.509859702903288,0.31468192118119,200,"bone","Lung Function Decline",0.888416604380379,""
"bowel miR-TS vs. Lung Function Decline","Pooled (RE)","log","df0_max",-0.662323543700598,0.400998914170497,-1.65168413253855,0.0985989590022845,-1.44826697331444,0.123619885913244,200,"bowel","Lung Function Decline",0.52773605558657,""
"brain miR-TS vs. Lung Function Decline","Pooled (RE)","log","df0_max",0.000189030412080086,0.204706923755686,0.000923419729103498,0.999263217759717,-0.401029167535051,0.401407228359211,200,"brain","Lung Function Decline",0.999625217646664,""
"heart miR-TS vs. Lung Function Decline","Pooled (RE)","log","df0_max",-0.0260138930155353,0.205033014413623,-0.126876606140396,0.899038062580407,-0.427871216907918,0.375843430876848,200,"heart","Lung Function Decline",0.994173306793156,""
"kidney miR-TS vs. Lung Function Decline","Pooled (RE)","log","df0_max",0.171595145538395,0.214795139847026,0.798878157395007,0.424361065438629,-0.24939559261602,0.59258588369281,200,"kidney","Lung Function Decline",0.811741558174823,""
"liver miR-TS vs. Lung Function Decline","Pooled (RE)","log","df0_max",0.132584156388925,0.207132814027893,0.640092478882032,0.522112478375455,-0.273388699122178,0.538557011900028,200,"liver","Lung Function Decline",0.865942647061731,""
"lymph node miR-TS vs. Lung Function Decline","Pooled (RE)","log","df0_max",-0.0882466890708472,0.20363629308879,-0.433354426818061,0.664757303411225,-0.487366489470118,0.310873111328424,200,"lymph node","Lung Function Decline",0.894437626604149,""
"nerve miR-TS vs. Lung Function Decline","Pooled (RE)","log","df0_max",0.206591388146852,0.211699035075168,0.975873074119103,0.329127366832294,-0.208331096162359,0.621513872456063,200,"nerve","Lung Function Decline",0.749098247011807,""
"pancreas miR-TS vs. Lung Function Decline","Pooled (RE)","log","df0_max",0.0430655848135822,0.184453348841026,0.233476838909002,0.815391152501914,-0.318456335742632,0.404587505369796,200,"pancreas","Lung Function Decline",0.968499534849436,""
"salivary gland miR-TS vs. Lung Function Decline","Pooled (RE)","log","df0_max",0.0636789152545672,0.209184672285258,0.304414824274173,0.76081187524667,-0.346315508542352,0.473673339051487,200,"salivary gland","Lung Function Decline",0.93638384645744,""
"skin miR-TS vs. Lung Function Decline","Pooled (RE)","log","df0_max",0.0561122668545652,0.203504784521792,0.275729472338556,0.782755857140637,-0.342749781489731,0.454974315198862,200,"skin","Lung Function Decline",0.954751538754499,""
"spleen miR-TS vs. Lung Function Decline","Pooled (RE)","log","df0_max",-0.241705974514847,0.227938840016372,-1.06039837044659,0.288963403234248,-0.688457891624773,0.205045942595079,200,"spleen","Lung Function Decline",0.727790189023839,""
"stomach miR-TS vs. Lung Function Decline","Pooled (RE)","log","df0_max",0.207678909496433,0.210897500915963,0.984738598582007,0.32475248787692,-0.205672596728357,0.621030415721223,200,"stomach","Lung Function Decline",0.749098247011807,""
"lymph node miR-TS vs. Hemoglobin A1C","Pooled (RE)","notlog","df0_noExcld",-0.0396994463763465,0.056672205545038,-0.700509994176898,0.483608865928499,-0.150774928169072,0.0713760354163791,200,"lymph node","Hemoglobin A1C",0.833099975041102,""
"artery miR-TS vs. Cognitive Impairment","Pooled (RE)","log","df0",-0.492516996573203,0.601283875261762,-0.819108938118108,0.412724262797015,-1.67101173657093,0.685977743424525,200,"artery","Cognitive Impairment",0.804510427876542,""
"nerve miR-TS vs. Cognitive Impairment","Pooled (RE)","log","df0",-1.10732284886482,0.791686511986374,-1.39868853656039,0.161906403300132,-2.65899989940425,0.444354201674611,200,"nerve","Cognitive Impairment",0.645570923765637,""
"salivary gland miR-TS vs. Cognitive Impairment","Pooled (RE)","log","df0",-0.850697192638557,0.981546630552081,-0.866690553621557,0.386111582625857,-2.77449323766728,1.07309885239016,200,"salivary gland","Cognitive Impairment",0.783748884136068,""
"brain miR-TS vs. Coronary Heart Diseases","Pooled (RE)","log","df0",-0.0989578804748515,0.263354452048103,-0.375759284512784,0.707095859465851,-0.615123121657414,0.417207360707711,200,"brain","Coronary Heart Diseases",0.902958092839021,""
