"analysis_id","pair_id","construct_x","construct_y","analysis_type","k","N","mean_r","var_r","var_e","var_res","sd_r","se_r","sd_e","sd_res","CI_LL_95","CI_UL_95","CR_LL_80","CR_UL_80"
1,1,"adipocyte","adipocyte","Overall",3,1799,1,2.0584815432539e-06,4.7103904635399e-09,2.05377115279036e-06,0.00143474093245223,0.00082834806356867,6.86322844114918e-05,0.00143309844490543,0.997273823001353,1.00440201111515,0.998135640715581,1.00354019340092
2,2,"adipocyte","artery","Overall",3,1799,-0.111259329459749,0.184759778684372,0.00163460181664765,0.183125176867724,0.429836921034445,0.248166462066877,0.0404302092085565,0.427931275869998,-1.17903343490406,0.956514775984564,-0.918174281591713,0.695655622672215
3,3,"adipocyte","bladder","Overall",3,1799,-0.113394892549653,0.0745130699227445,0.00163301410002684,0.0728800558227177,0.272970822475122,0.157599777836925,0.0404105691623719,0.269963063811918,-0.791492006867608,0.564702221768302,-0.622442127459797,0.395652342360491
4,4,"adipocyte","bone","Overall",3,1799,0.091511881232115,0.0185412962707169,0.00164788335214041,0.0168934129185765,0.136166428574436,0.0786157241920405,0.0405941295280538,0.12997466260228,-0.246744279063999,0.429768041528229,-0.1535706929239,0.33659445538813
5,5,"adipocyte","bowel","Overall",3,1799,-0.207342577271394,0.0561713538228183,0.00153484004631785,0.0546365137765005,0.237004965818901,0.13683488081482,0.039177034679999,0.233744548121449,-0.796095550734223,0.381410396191436,-0.648095524050226,0.233410369507438
6,6,"adipocyte","brain","Overall",3,1799,0.365765599971516,0.0577288444369693,0.00125742750200834,0.056471416934961,0.240268275968696,0.138718953808254,0.035460224223887,0.23763715394475,-0.231093885299556,0.962625085242589,-0.0823273147383622,0.813858514681395
7,7,"adipocyte","heart","Overall",3,1799,-0.229290897067295,0.00760270778383192,0.00150425455722133,0.00609845322661059,0.08719350769313,0.0503411951382163,0.0387847206670531,0.0780925939293259,-0.445891577747591,-0.0126902163869978,-0.376543704341625,-0.0820380897929645
8,8,"adipocyte","kidney","Overall",3,1799,-0.226951394942232,0.00122398579081963,0.00150764588473426,-0.000283660093914623,0.0349855082972884,0.0201988926331753,0.0388284159441801,0,-0.31386021546828,-0.140042574416184,-0.226951394942232,-0.226951394942232
9,9,"adipocyte","liver","Overall",3,1799,-0.408844540059005,0.037853942204177,0.0011624133368631,0.0366915288673139,0.194560895876271,0.11232978560794,0.0340941833288773,0.191550329854359,-0.892160598737178,0.0744715186191686,-0.770035305868438,-0.047653774249571
10,10,"adipocyte","lung","Overall",3,1799,-0.00803985091946687,0.149462356539015,0.00167561747433728,0.147786739064678,0.386603616820918,0.22320570224124,0.040934306813934,0.384430408610815,-0.968416474963384,0.95233677312445,-0.732928781114194,0.71684907927526
11,11,"adipocyte","lymph node","Overall",3,1799,-0.07661655224805,0.0041013663977029,0.00165621724788625,0.00244514914981665,0.0640419112589787,0.0369746147047895,0.0406966490989891,0.0494484494177184,-0.235705479139047,0.082472374642947,-0.169857442654526,0.0166243381584264
12,12,"adipocyte","nerve","Overall",3,1799,-0.163617683591298,0.0785693537399977,0.00158730848110223,0.0769820452588954,0.28030225425422,0.161832581948133,0.0398410401608972,0.277456384426265,-0.859927084072836,0.532691716890241,-0.686794459354801,0.359559092172205
13,13,"adipocyte","pancreas","Overall",3,1799,-0.144118643904143,0.0117511648172794,0.001606942307913,0.0101442225093664,0.108402789711701,0.0625863798209572,0.0400866849204695,0.100718531112037,-0.413406101885922,0.125168814077635,-0.334035327478729,0.0457980396704423
14,14,"adipocyte","salivary gland","Overall",3,1799,0.211891098815829,0.00882200053751327,0.00152872963290566,0.00729327090460761,0.0939255052555655,0.0542279157430724,0.0390989722742896,0.085400649321932,-0.0214327908847255,0.445214988516383,0.0508580901404355,0.372924107491222
15,15,"adipocyte","skin","Overall",3,1799,0.0231677105301309,0.0148668049486799,0.00167403561546413,0.0131927693332158,0.121929508113007,0.0703960343312034,0.0409149803307313,0.114859781182169,-0.279721978748558,0.32605739980882,-0.193413969895242,0.239749390955504
16,16,"adipocyte","spleen","Overall",3,1799,0.13104635270285,0.000358396952272963,0.00161876965863074,-0.00126037270635778,0.0189313748120141,0.0109300343438461,0.0402339366534116,0,0.0840182105970452,0.178074494808654,0.13104635270285,0.13104635270285
17,17,"adipocyte","stomach","Overall",3,1799,0.193655937697936,0.0493349163362273,0.00155249474031362,0.0477824215959136,0.222114646829576,0.128237951138014,0.0394017098653551,0.218591906519692,-0.358107432823519,0.745419308219392,-0.218524914068917,0.605836789464789
18,18,"artery","artery","Overall",3,1799,1,2.0584815432539e-06,4.7103904635399e-09,2.05377115279036e-06,0.00143474093245223,0.00082834806356867,6.86322844114918e-05,0.00143309844490543,0.997273823001353,1.00440201111515,0.998135640715581,1.00354019340092
19,19,"artery","bladder","Overall",3,1799,-0.447708144253308,0.0464245929508094,0.00107134745124085,0.0453532454995685,0.215463669677302,0.124398007688775,0.0327314443806083,0.212963014393506,-0.982949571610809,0.0875332831041935,-0.849275055238844,-0.046141233267771
20,20,"artery","bone","Overall",3,1799,-0.0388382320573159,0.0773221970293901,0.00167078224543703,0.0756514147839531,0.278068691206669,0.160543033721378,0.0408752033075926,0.275048022686863,-0.729599154340861,0.651922690226229,-0.557473757374202,0.47979729325957
21,21,"artery","bowel","Overall",3,1799,0.362747041516474,0.013678443741248,0.00126382005873889,0.0124146236825092,0.116954879082696,0.0675239309214347,0.0355502469574951,0.111420930181493,0.0722150158139486,0.653279067218999,0.152649720723283,0.572844362309665
22,22,"artery","brain","Overall",3,1799,-0.102553236450054,0.0496116329186111,0.00164076942961839,0.0479708634889927,0.222736689655322,0.128597087730906,0.0405064122037288,0.219022518223567,-0.655861847013269,0.45075537411316,-0.515546057432557,0.310439584532448
23,23,"artery","heart","Overall",3,1799,0.180906516839858,0.00330624293753457,0.00156793843919088,0.00173830449834369,0.0574999385872244,0.0331976050217209,0.0395972024162172,0.0416929790053876,0.0380687509720058,0.32374428270771,0.102289481686317,0.259523551993399
24,24,"artery","kidney","Overall",3,1799,0.21979342886921,0.0851336574709788,0.00151782888674226,0.0836158285842365,0.291776725375721,0.16845737093894,0.0389593234892787,0.289164016752148,-0.505020138047637,0.944606995786058,-0.325459470119014,0.765046327857435
25,25,"artery","liver","Overall",3,1799,0.315621039544197,0.0955651834271021,0.00135858228481291,0.0942066011422892,0.309136189125605,0.178479862007923,0.036858951216942,0.306930938717962,-0.452315825929502,1.0835579050179,-0.263133488784933,0.894375567873326
26,26,"artery","lung","Overall",3,1799,-0.677013784907649,0.0158207411766913,0.000491668366347259,0.0153290728103441,0.125780527812104,0.0726194215911312,0.0221735961527953,0.123810632864646,-0.989469937449556,-0.364557632365741,-0.910473353125219,-0.443554216690078
27,27,"artery","lymph node","Overall",3,1799,0.269150168797925,0.0377898588311959,0.00144182766153732,0.0363480311696586,0.194396138930782,0.112234663141111,0.0379714058409393,0.190651596294546,-0.213756610938687,0.752056948534537,-0.0903459287591777,0.628646266355028
28,28,"artery","nerve","Overall",3,1799,-0.079368655561455,0.119624674194898,0.00165478717382037,0.117969887021077,0.345868001114439,0.199686983547499,0.040679075380598,0.343467446814217,-0.938552400417538,0.779815089294628,-0.727017084252556,0.568279773129646
29,29,"artery","pancreas","Overall",3,1799,0.0061123540161456,0.031353521648333,0.00167570889759055,0.0296778127507424,0.177069256643645,0.102230982988415,0.0409354235056943,0.172272495630447,-0.43375206400393,0.445976772036221,-0.318727778976438,0.33095248700873
30,30,"artery","salivary gland","Overall",3,1799,0.206047891195314,0.0230706777865467,0.00153655725640177,0.021534120530145,0.151890347904489,0.0876939332499627,0.0391989445827534,0.146745086902918,-0.171268650085105,0.583364432475733,-0.0706572982843194,0.482753080674948
31,31,"artery","skin","Overall",3,1799,0.350402087963615,0.0312512024682091,0.00128957459757462,0.0299616278706345,0.176780096357619,0.102064036219439,0.0359106474123569,0.173094274517196,-0.0887440160852036,0.789548192012434,0.0240123938418144,0.676791782085416
32,32,"artery","spleen","Overall",3,1799,-0.171260202593765,0.00372855369603636,0.00157897113626226,0.0021495825597741,0.0610618841507234,0.0352540952516459,0.0397362697829358,0.0463635908852421,-0.322946331763107,-0.0195740734244238,-0.258684227967401,-0.0838361772201296
33,33,"artery","stomach","Overall",3,1799,0.136259459629836,0.0670417405834176,0.00161418259164183,0.0654275579917758,0.258924198528098,0.149489955719905,0.0401768912640317,0.25578811151376,-0.50694390641854,0.779462825678212,-0.346059228898912,0.618578148158584
34,34,"bladder","bladder","Overall",3,1799,1,2.0584815432539e-06,4.7103904635399e-09,2.05377115279036e-06,0.00143474093245223,0.00082834806356867,6.86322844114918e-05,0.00143309844490543,0.997273823001353,1.00440201111515,0.998135640715581,1.00354019340092
35,35,"bladder","bone","Overall",3,1799,-0.200135090129359,0.0278267032488523,0.00154427480146059,0.0262824284473917,0.166813378506798,0.0963097489853309,0.0392972620097201,0.162118562932786,-0.614522494502579,0.21425231424386,-0.505828784012002,0.105558603753284
36,36,"bladder","bowel","Overall",3,1799,-0.363742256040135,0.022462348775525,0.00126171650684516,0.0212006322686799,0.149874443370192,0.086530050224426,0.0355206490206072,0.145604368988983,-0.73605101284362,0.00856650076334892,-0.638296487193464,-0.0891880248868074
37,37,"bladder","brain","Overall",3,1799,0.249744244804896,0.0591424841892141,0.0014733027163731,0.057669181472841,0.24319227822695,0.140407127299168,0.0383836256282949,0.240144084817513,-0.354378864745148,0.85386735435494,-0.203075784091907,0.702564273701699
38,38,"bladder","heart","Overall",3,1799,-0.0751224502714527,0.029255153325725,0.00165697274210296,0.0275981805836221,0.171041378986855,0.0987507862006256,0.0407059300606553,0.166127001368297,-0.50001279008248,0.349767889539575,-0.388374528153345,0.238129627610439
39,39,"bladder","kidney","Overall",3,1799,0.0520879106055971,0.0191080634492551,0.00166675287251154,0.0174413105767435,0.138231919068119,0.0798082356845772,0.0408258848343982,0.132065554088655,-0.291299212519137,0.395475033730332,-0.196937286347061,0.301113107558256
40,40,"bladder","liver","Overall",3,1799,0.221561947367142,0.00232738270629032,0.0015153401623133,0.00081204254397702,0.0482429549912764,0.0278530830507164,0.0389273703493223,0.0284963601882244,0.101719803547038,0.341404091187245,0.167828695291867,0.275295199442416
41,41,"bladder","lung","Overall",3,1799,0.221871334576138,0.0918664599631655,0.00151490294244709,0.0903515570207184,0.303094803589843,0.174991866442573,0.0389217541029061,0.300585357295924,-0.531057897256951,0.974800566409226,-0.344917850675407,0.788660519827682
42,42,"bladder","lymph node","Overall",3,1799,0.123647195940301,0.00905497565360226,0.00162498341725585,0.00742999223634642,0.0951576358134347,0.0549392866523349,0.040311083057341,0.0861974027239013,-0.112737475744856,0.360031867625458,-0.0388881853576679,0.28618257723827
43,43,"bladder","nerve","Overall",3,1799,-0.173988558274946,0.0580147634306545,0.00157590808021298,0.0564388553504415,0.240862540530184,0.139062052612799,0.0396977087526847,0.237568632926238,-0.772324278553968,0.424347162004076,-0.62195226851324,0.273975151963348
44,44,"bladder","pancreas","Overall",3,1799,0.0570406958440886,0.00744908901844121,0.00166494673205672,0.00578414228638449,0.0863081051723487,0.0498300077545021,0.0408037587981392,0.0760535488086157,-0.157360523044257,0.271441914732434,-0.0863672510782426,0.20044864276642
45,45,"bladder","salivary gland","Overall",3,1799,0.170922068259193,0.0657087756993996,0.00157934758449618,0.0641294281149035,0.256337230420007,0.147996368986314,0.0397410063347191,0.253237888387389,-0.46585491275278,0.807699049271165,-0.306587873426366,0.648432009944751
46,46,"bladder","skin","Overall",3,1799,0.149939855685728,0.048268939541741,0.00160132907541673,0.0466676104663243,0.219701933404649,0.126844970392656,0.0400166099940603,0.216026874407617,-0.395830002429221,0.695709713800677,-0.2574043251467,0.557284036518156
47,47,"bladder","spleen","Overall",3,1799,-0.107809370063152,0.0169226166831216,0.00163710453485007,0.0152855121482715,0.130086958159231,0.0751057403112917,0.0404611484618278,0.123634591228634,-0.430963288633385,0.215344548507082,-0.340936990988469,0.125318250862166
48,48,"bladder","stomach","Overall",3,1799,0.0929220083327121,0.140191640034876,0.00164701907948682,0.138544620955389,0.374421740868337,0.216172492880783,0.0405834828407669,0.372215825772346,-0.837193158257533,1.02303717492296,-0.608934883583491,0.794778900248915
49,49,"bone","bone","Overall",3,1799,1,2.0584815432539e-06,4.7103904635399e-09,2.05377115279036e-06,0.00143474093245223,0.00082834806356867,6.86322844114918e-05,0.00143309844490543,0.997273823001353,1.00440201111515,0.998135640715581,1.00354019340092
50,50,"bone","bowel","Overall",3,1799,0.0468456619874391,0.0180413231794993,0.00166848689742692,0.0163728362820724,0.134317992761578,0.0775485292779073,0.0408471161457809,0.12795638429587,-0.286818729198205,0.380510053173083,-0.194431210097152,0.28812253407203
51,51,"bone","brain","Overall",3,1799,-0.0234773964822706,0.0109262668226189,0.00167398722583239,0.00925227959678653,0.104528784660585,0.0603497219618531,0.0409143889827576,0.0961887706376713,-0.283141292421059,0.236186499456518,-0.20485268179399,0.157897888829449
52,52,"bone","heart","Overall",3,1799,-0.0285918162808023,0.121597819408933,0.00167309527461916,0.119924724134314,0.348708788832363,0.201327113101153,0.0409034873161098,0.346301493115918,-0.894832469038057,0.837648836476452,-0.681584173926915,0.62440054136531
53,53,"bone","kidney","Overall",3,1799,-0.140259401453582,0.00566044699723591,0.0016105463269997,0.0040499006702362,0.0752359421901255,0.0434374914762041,0.0401316125641582,0.0636388298936758,-0.327155842727141,0.0466370398199764,-0.260257929892503,-0.0202608730146613
54,54,"bone","liver","Overall",3,1799,-0.41509712533999,0.0191358844563696,0.00114807705293215,0.0179878074034375,0.138332514096902,0.0798663142515242,0.0338832857458092,0.134118631828085,-0.758734140369339,-0.0714601103106406,-0.667993642804259,-0.16220060787572
55,55,"bone","lung","Overall",3,1799,-0.0659631704619928,0.0373266190248593,0.00166128226685265,0.0356653367580066,0.193200980910707,0.111544638336496,0.0407588305383343,0.188852685334381,-0.545901013089435,0.413974672165449,-0.422067208982606,0.29014086805862
56,56,"bone","lymph node","Overall",3,1799,-0.249737944979645,0.00363404311024795,0.00147331260510819,0.00216073050513976,0.0602830250588667,0.0348044207453017,0.0383837544425789,0.0464836584741322,-0.399489280906765,-0.0999866090525235,-0.337388371970094,-0.162087517989195
57,57,"bone","nerve","Overall",3,1799,-0.0822720354634081,0.0353101658631554,0.00165322449912088,0.0336569413640346,0.187909994048096,0.108489885647089,0.0406598634911736,0.183458282353331,-0.549066338093063,0.384522267166247,-0.42820429017508,0.263660219248263
58,58,"bone","pancreas","Overall",3,1799,0.117123034446994,0.00845750863315438,0.00163017194000223,0.00682733669315215,0.0919647140655283,0.0530958524216797,0.0403753878000227,0.0826276993093246,-0.111329979913521,0.345576048807509,-0.0386812495409161,0.272927318434905
59,59,"bone","salivary gland","Overall",3,1799,-0.365672819765142,0.125505158990096,0.00125762453416064,0.124247534455936,0.354267072969104,0.204536189943733,0.0354630023286331,0.352487637309361,-1.2457210157591,0.514375376228814,-1.03032988276747,0.298984243237187
60,60,"bone","skin","Overall",3,1799,-0.425507226043623,0.0891312895249802,0.00112392935583347,0.0880073601691467,0.298548638457756,0.172367136779782,0.0335250556425111,0.296660344787008,-1.16714315762825,0.316128705541004,-0.984895336731711,0.133880884644464
61,61,"bone","spleen","Overall",3,1799,0.187759273255511,0.0233163588881147,0.0015597586780913,0.0217566002100234,0.152696951142172,0.0881596258463679,0.039493780245645,0.147501187147844,-0.191560981546055,0.567079528057077,-0.0903716325186403,0.465890179029663
62,62,"bone","stomach","Overall",3,1799,-0.274612499334134,0.226339990526535,0.00143260845280402,0.224907382073731,0.475752026297876,0.274675560450588,0.0378498144355295,0.47424401111003,-1.45644604930232,0.907221050634053,-1.1688555825155,0.619630583847228
63,63,"bowel","bowel","Overall",3,1799,1,2.0584815432539e-06,4.7103904635399e-09,2.05377115279036e-06,0.00143474093245223,0.00082834806356867,6.86322844114918e-05,0.00143309844490543,0.997273823001353,1.00440201111515,0.998135640715581,1.00354019340092
64,64,"bowel","brain","Overall",3,1799,-0.318284113183709,0.0144457192244691,0.00135349262660373,0.0130922265978654,0.120190345803933,0.0693919285038952,0.0367898440687607,0.114421268118586,-0.616853483783573,-0.0197147425838446,-0.534038925446686,-0.102529300920732
65,65,"bowel","heart","Overall",3,1799,-0.103137182675133,0.00860726058740265,0.00164037111169815,0.0069668894757045,0.0927753231597856,0.0535638578004567,0.0405014951785506,0.0834678948800345,-0.33360386165618,0.127329496305915,-0.260525754624568,0.054251389274303
66,66,"bowel","kidney","Overall",3,1799,-0.0254330600195114,0.00119641631895686,0.00167366682277513,-0.000477250503818274,0.0345892514946024,0.0199701136614764,0.0409104732651082,0,-0.11135752407847,0.0604914040394469,-0.0254330600195114,-0.0254330600195114
67,67,"bowel","liver","Overall",3,1799,0.0471054374753767,0.0712443587634309,0.00166840527647899,0.0695759534869519,0.266916389087352,0.154104249090706,0.0408461170306186,0.263772541192126,-0.61595163054074,0.710162505491493,-0.450268836038651,0.544479710989404
68,68,"bowel","lung","Overall",3,1799,-0.0630681725913907,0.00780562879729238,0.00166252905352627,0.00614309974376611,0.0883494697057791,0.0510085901173923,0.0407741223513918,0.0783779289326154,-0.28254042210066,0.156404076917879,-0.210859012707683,0.0847226675249018
69,69,"bowel","lymph node","Overall",3,1799,0.0506123064251325,0.00801507862394005,0.00166725946103834,0.00634781916290171,0.0895269714887086,0.0516884210887379,0.0408320886195936,0.0796732022884841,-0.171785019668765,0.27300963251903,-0.0996209245536266,0.200845537403892
70,70,"bowel","nerve","Overall",3,1799,0.187492582224359,0.0204999701624377,0.00156008229261059,0.0189398878698271,0.143178106435438,0.0826639182925613,0.0394978770646043,0.137622265167476,-0.168181551468917,0.543166715917634,-0.0720104496214431,0.44699561407016
71,71,"bowel","pancreas","Overall",3,1799,0.0596240982303271,0.0117020126290773,0.00166394000465139,0.0100380726244259,0.108175841245064,0.0624553510626519,0.0407914207236202,0.10019018227564,-0.209099588506853,0.328347784967507,-0.129296321224129,0.248544517684783
72,72,"bowel","salivary gland","Overall",3,1799,-0.39272822038357,0.00873666526546165,0.00119875374786825,0.00753791151759339,0.0934701303383153,0.0539650049120157,0.0346230233785014,0.0868211467189497,-0.624920896079198,-0.160535544687943,-0.556439744637868,-0.229016696129273
73,73,"bowel","skin","Overall",3,1799,-0.0368621689216487,0.0402532077440655,0.00167128289859748,0.038581924845468,0.200632020734641,0.115834951179204,0.0408813270161021,0.196422821600414,-0.535259737813245,0.461535399969947,-0.40724059327751,0.333516255434213
74,74,"bowel","spleen","Overall",3,1799,-0.0366809431758243,0.0381067634699314,0.00167132750891267,0.0364354359610188,0.195209537343674,0.112704278933753,0.0408818726199359,0.190880685143937,-0.52160831658458,0.448246430232932,-0.39660901480999,0.323247128458341
75,75,"bowel","stomach","Overall",3,1799,-0.456744914156724,0.0262782627083623,0.00104955608326568,0.0252287066250966,0.162105714607358,0.0935917779657349,0.032396852983981,0.158835470298975,-0.859437833103099,-0.0540519952103495,-0.75624794920035,-0.157241879113098
76,76,"brain","brain","Overall",3,1799,1,2.0584815432539e-06,4.7103904635399e-09,2.05377115279036e-06,0.00143474093245223,0.00082834806356867,6.86322844114918e-05,0.00143309844490543,0.997273823001353,1.00440201111515,0.998135640715581,1.00354019340092
77,77,"brain","heart","Overall",3,1799,0.114384223262816,0.00445017374119591,0.00163226860234545,0.00281790513885047,0.0667096225532412,0.0385148185386522,0.0404013440660759,0.0530839442661382,-0.0513316658583211,0.280100112383953,0.014288178028909,0.214480268496723
78,78,"brain","kidney","Overall",3,1799,-0.0946860790623032,0.0102558616573496,0.00164591959304888,0.0086099420643007,0.101271228181303,0.0584689708516394,0.0405699345950777,0.0927897734898663,-0.346257756102751,0.156885597978145,-0.269652153887498,0.080279995762892
79,79,"brain","liver","Overall",3,1799,-0.269009619652054,0.0899105625268208,0.00144206281931518,0.0884684997075056,0.299850900493597,0.17311899811673,0.0379745022260355,0.297436547363476,-1.01388054947049,0.475861310166385,-0.829861351954529,0.29184211265042
80,80,"brain","lung","Overall",3,1799,0.0447842646248557,0.051369637386853,0.00166911865007169,0.0497005187367814,0.226648709210648,0.130855693274249,0.0408548485503458,0.222936131519279,-0.51824234124485,0.607810870494562,-0.375588136358553,0.465156665608265
81,81,"brain","lymph node","Overall",3,1799,0.0364430435614598,0.00359034277418431,0.00167138573715382,0.00191895703703049,0.0599194690746198,0.0345945215999312,0.0408825847660568,0.0438059018515826,-0.112405169234861,0.18529125635778,-0.0461581571191973,0.119044244242117
82,82,"brain","nerve","Overall",3,1799,-0.534252521213104,0.0339997995327504,0.000855708299074955,0.0331440912336755,0.184390345551904,0.10645781564036,0.0292524921857088,0.182055187329764,-0.992303532281262,-0.0762015101449451,-0.877539074575939,-0.190965967850268
83,83,"brain","pancreas","Overall",3,1799,0.0342891114170571,0.032152219296973,0.00167189573211858,0.0304803235648544,0.179310399299575,0.103524907304109,0.0408888216034478,0.174586149407261,-0.411142613592027,0.479720836426141,-0.294913688975268,0.363491911809382
84,84,"brain","salivary gland","Overall",3,1799,0.32916086743548,0.0343043313105191,0.00133236402512853,0.0329719672853906,0.185214284844661,0.106933517212829,0.0365015619546415,0.181581847345462,-0.13093692230201,0.789258657172969,-0.013233147493471,0.671554882364431
85,85,"brain","skin","Overall",3,1799,0.0937535982636525,0.102381964712225,0.0016465033076627,0.100735461404563,0.31997181862193,0.184735815614466,0.0405771278882907,0.317388502319417,-0.701100463072421,0.888607659599726,-0.50471990109822,0.692227097625525
86,86,"brain","spleen","Overall",3,1799,0.151930201127912,0.0181053200911212,0.00159936118545507,0.0165059589056661,0.134556010981008,0.0776859491609673,0.0399920140209901,0.128475518701682,-0.182325460092702,0.486185862348526,-0.0903255601798698,0.394185962435694
87,87,"brain","stomach","Overall",3,1799,0.237418245999406,0.0521409003961288,0.00149223381867208,0.0506486665774567,0.228343820577936,0.131834366278459,0.0386294423810658,0.225052586249207,-0.329819249943397,0.804655741942209,-0.186944980294953,0.661781472293765
88,88,"heart","heart","Overall",3,1799,1,2.0584815432539e-06,4.7103904635399e-09,2.05377115279036e-06,0.00143474093245223,0.00082834806356867,6.86322844114918e-05,0.00143309844490543,0.997273823001353,1.00440201111515,0.998135640715581,1.00354019340092
89,89,"heart","kidney","Overall",3,1799,0.0914428426420851,0.0165095875333763,0.0016479253325865,0.0148616622007898,0.128489639790048,0.0741835281208623,0.0405946466000937,0.121908417268004,-0.227743117129589,0.410628802413759,-0.138429873448381,0.321315558732552
90,90,"heart","liver","Overall",3,1799,0.0170649536640355,0.0589226761379562,0.00167485821045025,0.057247817927506,0.242739935193936,0.140145966927291,0.0409250315876513,0.239265162377447,-0.585934473499052,0.620064380827123,-0.434097763186079,0.46822767051415
91,91,"heart","lung","Overall",3,1799,-0.0961029477258629,0.000750357068946896,0.0016450218055167,-0.000894664736569807,0.0273926462567401,0.0158151516901451,0.0405588683954164,0,-0.164150053316867,-0.0280558421348584,-0.0961029477258629,-0.0961029477258629
92,92,"heart","lymph node","Overall",3,1799,-0.0150224941826451,0.0101115831323586,0.00167507781300762,0.00843650531935096,0.100556367935395,0.0580562460962315,0.0409277144855124,0.0918504508391274,-0.264818359927602,0.234773371562312,-0.188217365231681,0.158172376866391
93,93,"heart","nerve","Overall",3,1799,0.0576489123351363,0.00903019796328989,0.00166471370156885,0.00736548426172104,0.0950273537634816,0.0548640682757239,0.0408009031955036,0.0858223995336942,-0.178412120796568,0.293709945466841,-0.104179356166134,0.219477180836407
94,94,"heart","pancreas","Overall",3,1799,0.123579326988569,0.00100396480083831,0.00162503879558884,-0.000621073994750532,0.031685403592795,0.0182935762936821,0.0403117699386772,0,0.0448684210116778,0.202290232965461,0.123579326988569,0.123579326988569
95,95,"heart","salivary gland","Overall",3,1799,0.172705308503904,0.0169995920039598,0.00157735441195264,0.0154222375920071,0.130382483501273,0.075276361947072,0.0397159213912084,0.124186301949962,-0.151182735713274,0.496593352721082,-0.0614626281342249,0.406873245142033
96,96,"heart","skin","Overall",3,1799,0.121495710510844,0.0623474719630392,0.00162672459860661,0.0607207473644326,0.249694757580209,0.144161335504172,0.040332674082022,0.246415801775033,-0.498780453220509,0.741771874242197,-0.343150381293546,0.586141802315234
97,97,"heart","spleen","Overall",3,1799,-0.074245732702778,0.0235251510072047,0.00165740920727598,0.0218677417999287,0.153379108770408,0.0885534697366601,0.0407112909065284,0.147877455347084,-0.455260560994005,0.306769095588449,-0.353086136597535,0.204594671191979
98,98,"heart","stomach","Overall",3,1799,0.275664773865413,0.0027079824640465,0.00143081461205464,0.00127716785199186,0.0520382788343975,0.0300443142932042,0.0378261101893208,0.0357374852499706,0.146394522958307,0.404935024772519,0.208277525431257,0.343052022299569
99,99,"kidney","kidney","Overall",3,1799,1,2.0584815432539e-06,4.7103904635399e-09,2.05377115279036e-06,0.00143474093245223,0.00082834806356867,6.86322844114918e-05,0.00143309844490543,0.997273823001353,1.00440201111515,0.998135640715581,1.00354019340092
100,100,"kidney","liver","Overall",3,1799,0.0658796115540328,0.0378095845083789,0.00166131903051263,0.0361482654778663,0.194446868085806,0.11226395163242,0.040759281525962,0.190126971989421,-0.41715318638966,0.548912409497726,-0.29262724492646,0.424386468034525
101,101,"kidney","lung","Overall",3,1799,-0.0383710804043874,0.0341829489857785,0.00167090295477113,0.0325120460310074,0.184886313678916,0.106744162972,0.040876679840358,0.180310970356791,-0.497654144600684,0.420911983791909,-0.378368706702023,0.301626545893248
102,102,"kidney","lymph node","Overall",3,1799,0.0910133727214402,0.0476387257307517,0.00164818578167821,0.0459905399490735,0.218262973797096,0.126014186675882,0.0405978543974705,0.214454050903856,-0.4511819115667,0.63320865700958,-0.31336506367067,0.495391809113551
103,103,"kidney","nerve","Overall",3,1799,-0.0613840543588166,0.0126305287476629,0.00166322881668326,0.0109672999309796,0.112385625182507,0.0648858709521647,0.0407827024200611,0.104724877326162,-0.340565424133319,0.217797315415686,-0.258855176802172,0.136087068084539
104,104,"kidney","pancreas","Overall",3,1799,0.146480159025096,0.0475042304628232,0.00160469077656414,0.045899539686259,0.21795465230828,0.125836177181317,0.0400585917945718,0.214241778573319,-0.394949212225333,0.687909530275525,-0.257498012821999,0.550458330872191
105,105,"kidney","salivary gland","Overall",3,1799,-0.0609789381375451,0.00872399526693526,0.00166339434108898,0.00706060092584628,0.0934023300937148,0.0539258604225445,0.0407847317152998,0.0840273820004306,-0.293003188688695,0.171045312413605,-0.219422489118497,0.0974646128434067
106,106,"kidney","skin","Overall",3,1799,0.10354146701774,0.00981763936756942,0.0016400940472748,0.00817754532029462,0.0990840015722489,0.0572061749801232,0.0404980746119467,0.09042978115806,-0.142596837919012,0.349679771954493,-0.0669745635904724,0.274057497625953
107,107,"kidney","spleen","Overall",3,1799,-0.126040381520844,0.0035256060339447,0.00162301185044501,0.00190259418349969,0.0593768139423521,0.0342812195132393,0.040286621233916,0.0436187366105403,-0.273540564238624,0.0214598011969358,-0.208288660038452,-0.0437921030032359
108,108,"kidney","stomach","Overall",3,1799,-0.0897686413828226,0.0167112755571333,0.00164893382836633,0.015062341728767,0.129272098912075,0.0746352811055944,0.0406070662368797,0.122728732286971,-0.410898337367427,0.231361054601782,-0.321188158306944,0.141650875541299
109,109,"liver","liver","Overall",3,1799,1,2.0584815432539e-06,4.7103904635399e-09,2.05377115279036e-06,0.00143474093245223,0.00082834806356867,6.86322844114918e-05,0.00143309844490543,0.997273823001353,1.00440201111515,0.998135640715581,1.00354019340092
110,110,"liver","lung","Overall",3,1799,-0.424937818315874,0.0272402553821855,0.00112525893135532,0.0261149964508302,0.165046221956716,0.0952894806754406,0.0335448793611681,0.161601350399154,-0.834935362460467,-0.0149402741712805,-0.729656246892261,-0.120219389739486
111,111,"liver","lymph node","Overall",3,1799,0.540029055808988,0.00697234345303574,0.00084091026592787,0.00613143318710787,0.0835005595971412,0.0482090705608939,0.0289984528195535,0.0783034685509388,0.332602166761474,0.747455944856503,0.392378619534865,0.687679492083112
112,112,"liver","nerve","Overall",3,1799,0.315255370977634,0.134646956586419,0.00135927855216872,0.13328767803425,0.366942715674285,0.211854475671721,0.0368683950310929,0.365085850224643,-0.596280867080937,1.2267916090362,-0.373157110113303,1.00366785206857
113,113,"liver","pancreas","Overall",3,1799,-0.252799336728114,0.00952119770136892,0.00146848175331204,0.00805271594805687,0.0975766247693007,0.0563358905771709,0.0383207744351813,0.0897369263350204,-0.495193110102846,-0.0104055633533828,-0.422008907752996,-0.0835897657032326
114,114,"liver","salivary gland","Overall",3,1799,0.42970610328581,0.0318489373454417,0.00111409446701226,0.0307348428784295,0.178462705755129,0.103035491208033,0.0333780536732185,0.175313555888954,-0.013619834221508,0.873032040793129,0.0991316920777935,0.760280514493827
115,115,"liver","skin","Overall",3,1799,0.423535790503994,0.150123388954472,0.00112852843506613,0.148994860519406,0.38745759633084,0.223698747541176,0.0335935772889124,0.385998523986046,-0.538962236245583,1.38603381725357,-0.304310006398756,1.15138158740675
116,116,"liver","spleen","Overall",3,1799,-0.516131767409765,0.196729825567904,0.000901901570716928,0.195827923997187,0.443542360511264,0.256079301238181,0.0300316761223367,0.442524489714623,-1.61795207191456,0.585688537095027,-1.35056394745864,0.318300412639106
117,117,"liver","stomach","Overall",3,1799,0.355193882905118,0.0910022177872756,0.00127965291562855,0.0897225648716471,0.301665738504185,0.174166795330679,0.0357722366595738,0.299537251225364,-0.394185354456143,1.10457312026638,-0.209618974586705,0.920006740396941
118,118,"lung","lung","Overall",3,1799,1,2.0584815432539e-06,4.7103904635399e-09,2.05377115279036e-06,0.00143474093245223,0.00082834806356867,6.86322844114918e-05,0.00143309844490543,0.997273823001353,1.00440201111515,0.998135640715581,1.00354019340092
119,119,"lung","lymph node","Overall",3,1799,-0.191294889186399,0.00446082087049375,0.00155542817045095,0.0029053927000428,0.0667893769284738,0.0385608647486617,0.0394389169533209,0.0539016947789474,-0.357208899158728,-0.0253808792140701,-0.292932899574776,-0.0896568787980227
120,120,"lung","nerve","Overall",3,1799,0.136989263122458,0.0998705184565385,0.0016135266853565,0.098256991771182,0.316022971406413,0.182455947611598,0.0401687277039801,0.313459713154948,-0.648055317927609,0.922033844172525,-0.454076040345952,0.728054566590867
121,121,"lung","pancreas","Overall",3,1799,0.092388341073135,0.0307430786006899,0.001647347693985,0.0290957309067049,0.175337042865134,0.101230888897098,0.0405875312625073,0.170574707699309,-0.343173019374929,0.527949701521199,-0.229250412295118,0.414027094441388
122,122,"lung","salivary gland","Overall",3,1799,-0.387093584529438,0.0151378884455697,0.00121124190666791,0.0139266465389018,0.123036126587152,0.071034940805141,0.0348029008369691,0.11801121361507,-0.692732266492269,-0.0814549025666066,-0.609617662938159,-0.164569506120717
123,123,"lung","skin","Overall",3,1799,-0.189842535553398,0.0161697924539173,0.00155721609508852,0.0146125763588287,0.127160498795488,0.073416148209862,0.0394615774531192,0.120882489876858,-0.505726726056252,0.126041654949455,-0.417780744403107,0.0380956732963102
124,124,"lung","spleen","Overall",3,1799,0.114168853619818,0.000145935689243258,0.00163243142833026,-0.00148649573908701,0.0120803844824268,0.00697461323284328,0.0404033591218634,0,0.0841595149545783,0.144178192285058,0.114168853619818,0.114168853619818
125,125,"lung","stomach","Overall",3,1799,-0.322331420342216,0.0172271218559841,0.00134569414311502,0.0158814277128691,0.131252130862642,0.0757784530852584,0.0366837040539122,0.126021536702538,-0.648379788365695,0.00371694768126224,-0.559959908816653,-0.0847029318677791
126,126,"lymph node","lymph node","Overall",3,1799,1,2.0584815432539e-06,4.7103904635399e-09,2.05377115279036e-06,0.00143474093245223,0.00082834806356867,6.86322844114918e-05,0.00143309844490543,0.997273823001353,1.00440201111515,0.998135640715581,1.00354019340092
127,127,"lymph node","nerve","Overall",3,1799,0.0559547019664313,0.0322968816469773,0.00166535671005084,0.0306315249369265,0.179713331856536,0.103757540524335,0.0408087822662088,0.17501864168404,-0.390477963002691,0.502387366935554,-0.274063613683818,0.385973017616681
128,128,"lymph node","pancreas","Overall",3,1799,-0.0975254908156306,0.00987643144657287,0.00164410725955016,0.00823232418702271,0.099380236700125,0.0573772064109459,0.0405475925247129,0.0907321563009648,-0.344399684605085,0.149348702973824,-0.268611685461204,0.0735607038299427
129,129,"lymph node","salivary gland","Overall",3,1799,0.264162633685054,0.0236495022865811,0.00145010884524008,0.0221993934413411,0.153783946777878,0.0887872030692508,0.0380802947105203,0.148994608766026,-0.117857867967677,0.646183135337786,-0.016784294898128,0.545109562268237
130,130,"lymph node","skin","Overall",3,1799,0.282097146565328,0.128853315927541,0.00141972507805017,0.127433590849491,0.358961440725242,0.207246484431414,0.0376792393507376,0.356978417904348,-0.609612505404476,1.17380679853513,-0.391027813534431,0.955222106665088
131,131,"lymph node","spleen","Overall",3,1799,-0.670784407216072,0.188629326807401,0.000507028822567569,0.188122297984833,0.434314778481461,0.250751754269304,0.0225173005168819,0.433730674479951,-1.74968212721236,0.408113312780217,-1.48863481023844,0.147065995806297
132,132,"lymph node","stomach","Overall",3,1799,0.201663197119968,0.123450957724308,0.00154229996683253,0.121908657757475,0.351355884715637,0.202855414621932,0.0392721270983955,0.349154203408,-0.671153206347546,1.07447960058748,-0.456708282638923,0.860034676878859
133,133,"nerve","nerve","Overall",3,1799,1,2.0584815432539e-06,4.7103904635399e-09,2.05377115279036e-06,0.00143474093245223,0.00082834806356867,6.86322844114918e-05,0.00143309844490543,0.997273823001353,1.00440201111515,0.998135640715581,1.00354019340092
134,134,"nerve","pancreas","Overall",3,1799,-0.170183374085029,0.0488396360858336,0.0015801675471083,0.0472594685387253,0.2209969141998,0.127592627903331,0.0397513213253132,0.217392429810068,-0.719170142829203,0.378803394659146,-0.580102470877881,0.239735722707824
135,135,"nerve","salivary gland","Overall",3,1799,0.055425453745089,0.000160376128117936,0.00166555367058493,-0.00150517754246699,0.012663969682447,0.00731154630517001,0.0408111954074483,0,0.0239664090764597,0.0868844984137183,0.055425453745089,0.055425453745089
136,136,"nerve","skin","Overall",3,1799,0.143230192441224,0.0111110471706089,0.0016077803105985,0.00950326686001044,0.105408952042077,0.0608578868364896,0.0400971359400955,0.0974847006458472,-0.118620160482582,0.40508054536503,-0.0405887219284274,0.327049106810875
137,137,"nerve","spleen","Overall",3,1799,-0.258552646352805,0.0298344543073428,0.00145926592261742,0.0283751883847254,0.172726530409612,0.0997237088281799,0.0382003392997683,0.168449364453314,-0.687629134363114,0.170523841657504,-0.576183814063478,0.0590785213578682
138,138,"nerve","stomach","Overall",3,1799,0.0992438954066128,0.0106103838004277,0.00164298493257094,0.00896739886785674,0.103006717258768,0.0594709559376891,0.0405337505366939,0.0946963508687465,-0.156638975499495,0.355126766312721,-0.0793172562011505,0.277805047014376
139,139,"pancreas","pancreas","Overall",3,1799,1,2.0584815432539e-06,4.7103904635399e-09,2.05377115279036e-06,0.00143474093245223,0.00082834806356867,6.86322844114918e-05,0.00143309844490543,0.997273823001353,1.00440201111515,0.998135640715581,1.00354019340092
140,140,"pancreas","salivary gland","Overall",3,1799,-0.424532680701927,0.00543004986434452,0.00112620432744379,0.00430384553690072,0.073688872052329,0.0425442901156921,0.0335589679138646,0.0656037006341923,-0.607585986703463,-0.241479374700392,-0.548236204940246,-0.300829156463608
141,141,"pancreas","skin","Overall",3,1799,-0.12280863436745,0.0414537424318168,0.00162566558252015,0.0398280768492967,0.203601921483607,0.117549624176085,0.0403195434314447,0.199569729291034,-0.628583845709707,0.382966576974808,-0.499120924770794,0.253503656035894
142,142,"pancreas","spleen","Overall",3,1799,0.0730133447779051,0.021329848728541,0.00165801417125625,0.0196718345572848,0.146047419451838,0.0843205169349687,0.0407187201573951,0.140256317352499,-0.289788557586224,0.435815247142034,-0.191456503499973,0.337483193055783
143,143,"pancreas","stomach","Overall",3,1799,-0.229637828402566,0.00395451499110173,0.00150374901381132,0.00245076597729041,0.062884934532062,0.036306633880058,0.0387782028182241,0.0495052116174692,-0.385852665774612,-0.0734229910305201,-0.322985750639333,-0.136289906165799
144,144,"salivary gland","salivary gland","Overall",3,1799,1,2.0584815432539e-06,4.7103904635399e-09,2.05377115279036e-06,0.00143474093245223,0.00082834806356867,6.86322844114918e-05,0.00143309844490543,0.997273823001353,1.00440201111515,0.998135640715581,1.00354019340092
145,145,"salivary gland","skin","Overall",3,1799,0.674684394359527,0.0691018936413468,0.000497401131221638,0.0686044925101251,0.262872390412814,0.151769445367358,0.0223024915922333,0.26192459317545,0.0216731759571003,1.32769561276195,0.18079464504249,1.16857414367656
146,146,"salivary gland","spleen","Overall",3,1799,-0.17878667815813,0.000572980688467832,0.00157041139404798,-0.000997430705580149,0.0239370150283579,0.0138200420702186,0.0396284164968521,0,-0.238249519896809,-0.119323836419452,-0.17878667815813,-0.17878667815813
147,147,"salivary gland","stomach","Overall",3,1799,0.896306682232183,0.0384850282662057,6.47962271329932e-05,0.0384202320390727,0.196176013483315,0.113262274193139,0.00804961037150204,0.196010795720727,0.408978448997439,1.38363491546693,0.52670518132579,1.26590818313858
148,148,"skin","skin","Overall",3,1799,1,2.0584815432539e-06,4.7103904635399e-09,2.05377115279036e-06,0.00143474093245223,0.00082834806356867,6.86322844114918e-05,0.00143309844490543,0.997273823001353,1.00440201111515,0.998135640715581,1.00354019340092
149,149,"skin","spleen","Overall",3,1799,-0.238465116094838,0.0630051129357544,0.00149065859363349,0.0615144543421209,0.251008192965398,0.144919647777374,0.0386090480798671,0.248021076407069,-0.862004034198487,0.385073802008811,-0.706138142773838,0.229207910584162
150,150,"skin","stomach","Overall",3,1799,0.718741700458443,0.0102655779901617,0.000391618274052241,0.00987395971610944,0.101319188657241,0.0584966608453328,0.0197893474892994,0.0993678001975964,0.467050882991043,0.970432517925842,0.531371979521615,0.90611142139527
151,151,"spleen","spleen","Overall",3,1799,1,2.0584815432539e-06,4.7103904635399e-09,2.05377115279036e-06,0.00143474093245223,0.00082834806356867,6.86322844114918e-05,0.00143309844490543,0.997273823001353,1.00440201111515,0.998135640715581,1.00354019340092
152,152,"spleen","stomach","Overall",3,1799,-0.217643597770659,0.0112918810001879,0.00152083006174016,0.00977105093844778,0.106263262702535,0.0613511233262765,0.0389978212435024,0.0988486263862467,-0.481616176023658,0.0463289804823405,-0.4040343551805,-0.0312528403608174
153,153,"stomach","stomach","Overall",3,1799,1,2.0584815432539e-06,4.7103904635399e-09,2.05377115279036e-06,0.00143474093245223,0.00082834806356867,6.86322844114918e-05,0.00143309844490543,0.997273823001353,1.00440201111515,0.998135640715581,1.00354019340092
