"adipocyte","artery","bladder","bone","bowel","brain","heart","kidney","liver","lung","lymph_node","nerve","pancreas","salivary_gland","skin","spleen","stomach","ID"
27.0968963284684,6.71511447636388,0.0326689472657873,28.61542281173,2.32925751679323,0.00506906919867858,0.0106273124104703,3.97017258284411,3.44466382826614,0.00747279151817298,0.14535698083518,9.88368018147664,0.187517117932023,0.236548697499585,1.43625505997496,31.5628829310268,9.94002608122575,"C10"
18.0222759313661,0.134002630412326,0.0326689472657873,21.8490914055308,0.0496753692650364,0.00506906919867858,0.0106273124104703,0.317132931078195,12.2623382590515,0.00747279151817298,0.14535698083518,1.13723001736094,0.0153100216437969,1.1774578124811,0.267088616038527,19.5951254462103,13.4874896508403,"C12"
11.5123314378549,0.134002630412326,1.78760563531878,14.4842493190858,0.0496753692650364,0.00506906919867858,0.0106273124104703,2.61866917612699,4.06079335546921,5.7738997185782,0.14535698083518,0.921907072264969,0.0153100216437969,0.0146851020224668,0.000693655658576344,18.970512493747,3.36047323506517,"C13"
9.08438044290514,0.134002630412326,6.86369639920416,20.886447412661,0.0496753692650364,0.00506906919867858,0.0106273124104703,4.46160573881036,24.9252944928617,2.83019379471062,14.8401825862674,0.595074742783443,0.0153100216437969,0.0146851020224668,0.000693655658576344,13.9256491786881,0.487269727389747,"C14"
20.4329694736946,0.134002630412326,4.1931418594759,38.3730628196263,0.0496753692650364,1.12405798116299,0.0106273124104703,1.21647786983494,9.08811470757919,4.59773162122475,0.14535698083518,0.0369099772767956,0.0153100216437969,2.61315336723896,0.17269225996718,25.1201768891608,7.05374620485888,"C17"
86.5345164330684,18.5047800122299,0.0326689472657873,86.0096991455337,0.232199191396765,0.00506906919867858,0.0106273124104703,0.0159230561069104,7.72798272236325,0.00747279151817298,0.14535698083518,1.44847184766456,0.0153100216437969,11.5113347874833,1.97158489139482,15.8974309829974,39.988122899693,"C18"
27.5955328806428,4.58078953751131,0.0326689472657873,23.5975528918324,0.0496753692650364,0.00506906919867858,0.0106273124104703,0.153472434119808,17.9446702216578,0.00747279151817298,0.14535698083518,3.96921362045913,0.0153100216437969,6.5996075430269,1.0196471203009,23.3356500904641,13.3220432888474,"C20"
36.5911365926084,0.134002630412326,1.8929911290419,34.0246978548954,0.0496753692650364,0.00506906919867858,0.0106273124104703,1.52582129908062,9.84671325647151,0.00747279151817298,0.14535698083518,3.14427113823593,0.0153100216437969,3.83960971479765,0.287282103094733,22.5788718367902,16.3304444851993,"C21"
36.2216875182776,0.134002630412326,2.00561097543927,34.4858388922728,0.0496753692650364,0.425411763089852,0.0106273124104703,0.773585808932612,10.7761818627335,0.00747279151817298,0.14535698083518,0.0369099772767956,0.0153100216437969,1.75983452551709,0.000693655658576344,32.6792071550527,14.9078980983326,"C22"
23.1078427407407,6.88637125551077,0.0326689472657873,27.9898501993073,0.0496753692650364,0.00506906919867858,0.0106273124104703,3.81386813275892,16.0825377972274,0.00747279151817298,0.14535698083518,3.31908075610362,0.342049437021433,0.432342275817392,0.123989841068993,28.5946820593902,8.96395892490591,"C23"
25.735667874369,1.04362811886907,0.819998485195799,24.9882842051234,1.16939842050386,0.00506906919867858,0.0106273124104703,2.50523731919173,4.11660270968734,2.99207994219109,0.14535698083518,2.65170589906156,0.0153100216437969,0.835895012957036,1.02609306879477,27.5951704929949,9.41521147468204,"C2"
21.6493227955204,2.85663371652907,0.0326689472657873,19.4538720469692,0.0496753692650364,0.00506906919867858,0.0106273124104703,1.63001506079035,4.21345890371816,0.00747279151817298,0.14535698083518,4.18522634642692,0.0153100216437969,1.01990477724062,0.0535512261086107,21.5371651499547,8.0195226908326,"C4"
14.5897285722876,0.134002630412326,3.53760870057943,21.7299582722975,0.0496753692650364,0.157737117987767,0.0106273124104703,0.642124429828724,4.60799478397814,9.77251469242268,0.14535698083518,1.16078475847113,0.0153100216437969,0.0146851020224668,0.304262606928109,25.8846264143008,5.49956920245985,"C5"
15.9874275284076,0.134002630412326,2.81456803929262,21.9547789021125,0.966509463736517,0.00506906919867858,0.0106273124104703,1.66696530054714,3.77571061328182,11.1413780100743,0.14535698083518,2.59504302619071,0.0153100216437969,0.0146851020224668,0.524057377898485,26.3099629159627,6.84921435020437,"C3"
23.0136504262655,1.21907439231584,1.19256829671186,25.3151916210743,2.07308474028288,0.00506906919867858,0.0106273124104703,4.48902560852315,3.1190415281348,8.36773129242612,0.14535698083518,2.37033678246052,0.420446646936079,0.0146851020224668,0.970260337020826,27.4990338055877,6.45060311053746,"C24"
12.9127041668547,0.134002630412326,0.862730058324047,21.8377026991663,1.95247991811162,0.00506906919867858,0.0106273124104703,2.57350666139709,2.9798932475024,10.0014010973118,0.14535698083518,7.45304550475028,1.12600424136606,0.0146851020224668,0.624472353068998,25.0742358209446,5.46466568548327,"C11"
16.5210146613316,0.134002630412326,2.25174355136306,21.1574526848156,0.0496753692650364,0.155787670993145,0.0106273124104703,1.07958987514166,7.70838689115191,2.76142967350012,0.14535698083518,0.800500452276754,0.0153100216437969,2.90877172634464,0.0131474265310907,24.2062294218198,8.82309704883196,"C26"
23.7006080329249,6.03833794614452,0.0326689472657873,25.7862870451429,0.379998810740737,0.00506906919867858,0.799339895437748,0.0159230561069104,4.03098095351124,4.96854577791812,0.14535698083518,2.12704696241624,0.0153100216437969,0.0293702040449336,0.884220673924359,23.9629247596046,10.9199491665086,"C27"
8.75505348876692,0.134002630412326,6.96668462169127,22.631936448644,0.0496753692650364,0.180742125789708,0.0106273124104703,4.65119442021981,20.1748389565581,0.00747279151817298,6.47337034537669,0.183988397708947,0.0153100216437969,1.77166772842562,0.000693655658576344,20.0504385992841,1.63470610885171,"C28"
27.768950719314,14.5707286343341,0.0326689472657873,27.9228649359459,2.14173433549684,0.00506906919867858,0.0106273124104703,0.0159230561069104,2.90228841930908,0.00747279151817298,0.14535698083518,9.64946313376129,0.0153100216437969,1.17177473422256,1.00760057461375,27.0132517745529,14.2180488414211,"C29"
25.2100880798126,7.19427543093404,0.0326689472657873,22.7227337591814,0.0496753692650364,0.410968849610346,0.0106273124104703,0.0159230561069104,7.67575906795242,0.00747279151817298,0.14535698083518,3.97718158989575,0.0153100216437969,1.95589611260487,0.580284923763492,23.9872930833673,9.55155587948848,"C30"
28.215486082421,4.38775237339839,0.0326689472657873,27.1614404866911,2.08152496197656,0.00506906919867858,0.0106273124104703,0.0159230561069104,4.19867342743495,1.3824038384793,0.14535698083518,11.8881555581057,1.00761743881375,0.0490239972886969,0.546185346673297,25.6312735281327,5.81847891139468,"C32"
24.7359900253994,5.57503409230809,0.0326689472657873,21.2131927970711,3.12751236618873,0.00506906919867858,0.0106273124104703,0.660174457080467,3.38060440235757,0.00747279151817298,0.14535698083518,11.6108389234761,1.42770938811708,0.0146851020224668,1.23279198564828,23.270774041419,9.18885281544502,"C33"
24.4329491203496,0.632278114850732,0.833864185719083,22.7396334599624,0.0496753692650364,1.20748936075095,0.0106273124104703,3.85960724971426,8.4679346132764,0.00747279151817298,4.38019690065641,1.28617099304081,0.0153100216437969,2.47938767886846,0.000693655658576344,20.6445284597488,3.71551806360714,"C34"
26.0396752887713,2.14702866886527,0.0326689472657873,27.229228029508,1.37155071268469,0.00506906919867858,0.0106273124104703,1.81907669840368,4.51447374129319,2.7405764278182,0.14535698083518,10.5189831346272,1.84792153818205,0.0146851020224668,0.819558564680045,26.7751780308073,8.31505007133233,"C35"
27.4889287985114,9.474810037598,0.0326689472657873,26.4508453662072,3.34903117623725,0.00506906919867858,0.0106273124104703,0.0159230561069104,3.66645116880084,0.00747279151817298,0.14535698083518,11.4797772749724,1.10868588370308,0.0146851020224668,0.786336937929982,27.1702120370319,10.531966465071,"C36"
38.301092023394,3.13658269249585,0.0326689472657873,24.9782138090836,0.0496753692650364,0.00506906919867858,0.0106273124104703,0.0159230561069104,5.11156223348398,0.00747279151817298,0.14535698083518,3.59595704621786,0.0153100216437969,1.4516816681007,0.189731855380682,28.1976604682936,11.4339710726389,"C37"
33.8690994639005,7.06103339152293,0.0326689472657873,24.3904154547305,4.70649816630797,0.00506906919867858,0.0106273124104703,1.30203097836311,4.87295894408084,0.00747279151817298,0.14535698083518,6.00779570214252,0.0153100216437969,2.73647212855903,1.14405249894381,24.80781461808,9.67407285929438,"C6"
19.7102492953248,10.969199684987,0.0326689472657873,25.0255503748837,0.215998909506155,0.00506906919867858,0.0106273124104703,0.620093413666971,8.28812732096028,0.00747279151817298,0.14535698083518,7.32658419994223,0.0153100216437969,2.48099465001957,0.878116598712864,24.8242813198805,9.06934284887335,"C7"
27.0665580574559,9.35946809962946,0.0326689472657873,22.0746737406621,1.88157842212155,0.00506906919867858,0.0106273124104703,0.0159230561069104,4.95397369368977,0.00747279151817298,0.14535698083518,6.40926429097427,0.0153100216437969,1.62720532531561,1.2204870584605,23.0774359583858,9.98352042295117,"C8"
27.1227699276158,11.9260836302629,0.0326689472657873,29.4867590114993,4.1826908180125,0.00506906919867858,0.0106273124104703,0.0159230561069104,1.99015492606728,0.00747279151817298,0.14535698083518,6.21336301500534,0.0153100216437969,0.997704130466362,1.21396866108348,27.8191997623322,14.4217565882277,"C9"
31.163051874014,0.134002630412326,2.11589547192902,22.9600267028563,0.0496753692650364,0.00506906919867858,0.0106273124104703,4.75301494635311,33.3639716218579,2.99161679609069,0.14535698083518,0.0369099772767956,1.28494974562046,0.0146851020224668,0.000693655658576344,15.4461952261521,4.71745890067412,"C25"
24.98059427666,0.134002630412326,1.66338944487155,28.4071512536482,1.51567243239708,0.00506906919867858,0.0106273124104703,4.88695003587617,3.18762175320436,12.1178456854381,0.14535698083518,4.54899712694199,2.22855947170044,0.0146851020224668,0.666332001998446,30.1564917832035,7.45041333751516,"C38"
17.6843744724668,0.134002630412326,3.86933767314377,23.1404262071585,0.901650940507089,0.0693502649692034,0.0106273124104703,2.81113914253884,3.27078776062897,17.0071073492868,0.14535698083518,1.50291176021015,1.1268798629001,0.0146851020224668,0.260391409427986,26.9403529972788,5.81837300561025,"C39"
30.4245148369052,0.570987301104303,0.0653378945315746,26.0563301879552,1.44094911255971,0.00506906919867858,0.0106273124104703,2.57624003796672,3.44243071689417,2.99004564858304,0.14535698083518,2.6425571388504,0.0153100216437969,0.0146851020224668,0.97164725226599,26.47830318105,10.5335403606507,"C40"
16.0140822889096,5.91609516904357,0.0326689472657873,26.9495011178452,0.0496753692650364,0.00506906919867858,0.0106273124104703,2.59279962590602,7.59571151947894,0.00747279151817298,0.14535698083518,5.88004026836291,0.0153100216437969,1.76418465232251,0.74891607070745,27.9750101499547,8.11139289615183,"C41"
23.1316392486066,6.47140463429794,0.0326689472657873,29.5692399266625,4.83383227936502,0.00506906919867858,0.0106273124104703,4.28910889499277,3.83180612363006,7.47601699400839,0.14535698083518,14.0850270206471,1.28683431470838,0.0146851020224668,1.08387697856466,32.1282066982461,8.30086701988261,"C42"
23.6696250010361,0.134002630412326,1.37372547214772,27.7062661620432,2.60647371102413,0.00506906919867858,0.0106273124104703,2.96632896219789,4.4679559926842,11.6855871577847,0.14535698083518,2.69369639663843,0.0153100216437969,0.0146851020224668,0.922066980283,32.1441828116216,9.35295140871501,"C43"
24.4117278590341,0.134002630412326,2.73098164651473,23.8918425187184,1.4726288730801,0.207963875716739,0.0106273124104703,1.00531655306431,5.08938852247147,11.1690967060934,0.14535698083518,2.76430124162689,0.0153100216437969,0.0146851020224668,0.000693655658576344,31.5149688471255,4.28271155586922,"C44"
22.7494992045999,0.134002630412326,2.53370512607434,24.2826259188365,1.39160326934097,0.00506906919867858,0.0106273124104703,4.15569471935298,3.92655217376745,11.8077306444847,0.14535698083518,2.57492199912886,0.448721717387228,0.0146851020224668,0.645704741485301,27.5359144897542,7.82992005195438,"C45"
39.9498841666531,3.38369434044323,0.0326689472657873,26.6322440315727,2.74896097983711,0.00506906919867858,0.0106273124104703,1.62314659554091,4.81770243740753,0.00747279151817298,0.14535698083518,1.87038898592821,0.0153100216437969,0.0146851020224668,1.2316221801044,29.6948148639743,9.92116219367083,"C46"
22.6956622627786,1.66234368265489,1.09680709308145,24.8621540403548,1.66108134780685,0.00506906919867858,0.0106273124104703,4.81311174350587,3.04981237571742,9.20393904478058,0.14535698083518,3.36361677165245,1.70398211766015,0.0146851020224668,1.09284646889346,29.4888524388935,7.47094296135324,"C47"
19.1381114014326,0.134002630412326,1.54489058608204,23.6319143193061,1.6410278041835,0.00506906919867858,0.0106273124104703,3.68543621657256,2.93110137219741,14.1505197311554,0.14535698083518,3.64854138627746,1.28612401788509,0.0146851020224668,0.736748721206337,28.4195399374105,6.99191767961289,"C48"
9.95187806318881,0.134002630412326,4.64832931375418,28.5489230189938,1.17448771367108,0.462501914992931,0.0106273124104703,0.0318461122138208,5.34033121390402,22.4084838627848,0.14535698083518,2.02590733030305,0.0153100216437969,0.0146851020224668,0.268550596102111,21.4977382247482,8.40143561062356,"C49"
20.9604386446433,0.134002630412326,4.263974128719,26.8642053261522,0.120853569995473,0.962778349972379,0.0106273124104703,0.683396055082404,6.00128663668789,12.5876558569334,0.14535698083518,0.95638857706482,0.0153100216437969,0.0146851020224668,0.000693655658576344,21.6237455324636,6.01833252995444,"C50"
32.9968666214021,14.8116761566054,0.0326689472657873,32.2228151979846,1.68001098084415,0.00506906919867858,0.0106273124104703,0.0159230561069104,2.87913029779757,0.00747279151817298,0.14535698083518,10.3270345116054,0.473165571015187,1.67998247829433,1.29370656892051,25.5202324363105,16.6618312965558,"C51"
30.9052135326659,6.55601521351168,0.0326689472657873,25.9853005520717,1.10032950267234,0.00506906919867858,0.0106273124104703,0.0159230561069104,2.72760613043762,0.00747279151817298,0.14535698083518,3.85989883905232,0.0153100216437969,1.63368825708705,1.10282598913239,26.2055144505614,13.5339929149056,"C53"
29.4473637636121,10.7868733857769,0.0326689472657873,23.7035797244116,0.813828736911715,0.00506906919867858,0.0106273124104703,0.721598145904423,2.52188743471117,0.00747279151817298,0.14535698083518,7.10096062797797,0.0153100216437969,2.21442211491823,0.863009190382561,21.7266442161255,12.5049554214909,"C54"
29.2998870085117,5.01020684720063,0.0326689472657873,19.5941422502265,0.0496753692650364,0.00506906919867858,0.0106273124104703,1.05893210651328,4.03970198725945,0.00747279151817298,0.14535698083518,5.06694799275587,0.0153100216437969,1.61376562958954,0.321340180703089,21.9833562120816,9.24422709143813,"C55"
29.4170492008859,0.134002630412326,0.0326689472657873,22.370395460122,2.28784347499279,0.00506906919867858,0.0106273124104703,0.0159230561069104,3.56794574218736,2.30372228858324,0.14535698083518,6.52946083096871,0.0153100216437969,0.0146851020224668,0.299649970856581,27.4103564027795,8.79733570376591,"C56"
28.7707162325804,10.3004010640319,0.0326689472657873,36.6103050634755,2.68414036443752,0.00506906919867858,1.40277682258427,0.0159230561069104,3.13147927447925,0.184387260658824,0.14535698083518,12.3067609403809,0.571074057515368,0.107779345558723,0.852650108198192,26.1018449011569,14.0613954357585,"C57"
24.8828750467215,3.5054398219395,0.0326689472657873,24.3005481457266,0.0496753692650364,0.00506906919867858,0.0106273124104703,0.472509550838269,5.99255055432479,0.00747279151817298,0.14535698083518,6.40564161616429,0.0153100216437969,4.39494186514934,0.65559197934707,25.9466787426377,10.8643125262882,"C58"
29.0807326812151,5.99677720467208,0.0326689472657873,34.1708677579032,0.0496753692650364,0.00506906919867858,2.01624067767324,0.0159230561069104,2.65821929477686,0.00747279151817298,0.14535698083518,8.25707207753,0.0306200432875937,0.588473062487898,0.00138731131715269,23.9516893777661,11.6847074811351,"C59"
30.5588127445207,6.75906451407893,0.0326689472657873,25.7051915726671,0.0496753692650364,0.00506906919867858,0.0106273124104703,0.459385249828192,5.14061254228313,0.00747279151817298,0.14535698083518,6.35455345708992,0.0153100216437969,3.97819073191321,0.770302422432747,27.5828621997626,11.0912764720046,"C61"
20.4292530331368,0.268005260824653,5.15409569427799,38.822878512237,0.0496753692650364,0.211917164430424,0.0106273124104703,2.89965504388659,25.0619118970454,0.00747279151817298,0.14535698083518,0.0369099772767956,0.0153100216437969,5.03120835743383,0.856719402361161,22.1482925235114,14.186560175783,"C62"
15.229041110258,0.134002630412326,0.882445817156778,19.636808933088,1.21743087244402,0.0416329222851522,0.0106273124104703,0.0159230561069104,3.61932108923313,8.84705354898954,0.14535698083518,4.59988052976802,0.535772691277142,0.0146851020224668,0.150598781486521,21.3851012903963,6.18337712023688,"C63"
25.2955566471823,13.0758156916111,0.0326689472657873,31.631479975462,2.41289842440705,0.00506906919867858,0.730671062981217,0.0159230561069104,2.58164530934916,0.0433438268136449,0.14535698083518,9.73590196168609,0.345944542856195,0.388864169679662,0.868933238998506,22.9925968755104,15.1853740785653,"C64"
24.8817695224391,9.50021906649274,0.0326689472657873,26.561008370142,0.118912191442912,0.00506906919867858,0.49514822182853,0.0159230561069104,2.57057922546382,0.00747279151817298,0.14535698083518,3.11123637696918,0.0153100216437969,1.43049723955495,1.22156064736181,22.4070757126791,13.3994655985405,"C65"
28.6266956838721,4.87026473441636,0.0326689472657873,25.8497824554194,2.28701804407162,0.00506906919867858,0.0106273124104703,0.903425347748354,5.16426795871073,4.21277544488021,0.14535698083518,7.93360244848613,0.456251674809627,0.0146851020224668,0.712908385927064,25.4134584554952,9.20954645532711,"C66"
22.0114666799741,2.08739544295492,0.0326689472657873,24.6391137917048,0.850720291363511,1.2764203973644,0.0106273124104703,0.0159230561069104,5.68949212795572,0.00747279151817298,0.14535698083518,3.53767474076006,0.0153100216437969,1.95835843357683,0.742183425318851,29.0835280843997,9.95028742921994,"C67"
19.5145444584078,5.76403406111366,0.0326689472657873,28.2667950594968,0.0496753692650364,0.00506906919867858,0.989203601276359,0.0159230561069104,1.75026083844373,2.9231965866483,0.14535698083518,1.12885051642096,0.103084307488724,1.01883177558588,0.995873326599756,23.4711645214735,11.5093625534052,"C68"
26.4733626769165,5.23871426269827,0.0326689472657873,27.7190319186056,0.0496753692650364,0.00506906919867858,0.0106273124104703,0.0159230561069104,3.50222855946523,1.65754784847117,0.14535698083518,0.0738199545535912,0.0153100216437969,1.53539811944938,1.32502829867454,26.1946705281405,14.0432997532806,"C69"
20.8251752570488,8.88220549847429,0.0326689472657873,32.6140782739117,0.0496753692650364,0.00506906919867858,1.20297226516391,1.39290659902096,3.39888863700524,4.0939383314826,0.14535698083518,1.48513715537516,1.04546058297018,0.0146851020224668,1.03208768442233,26.728154507562,13.1898666668758,"C70"
17.8794405482393,0.134002630412326,2.50636659822326,21.3603224350673,2.63117587731952,0.00506906919867858,0.0106273124104703,1.5432939834958,3.16048853872761,14.0760409718764,0.14535698083518,2.20146245717428,0.0153100216437969,0.0146851020224668,0.412298006968917,26.1414149103439,5.68754690675054,"C71"
30.5947961541485,5.3647523986642,0.0326689472657873,32.4711404120875,0.193990354074737,0.00506906919867858,0.0940476218170909,0.0159230561069104,3.14038775914947,0.366433065566384,0.14535698083518,3.37575650841824,0.267003309835882,0.718598334525122,0.974370319424308,26.4738386687081,15.1908539670987,"C72"
27.9609409943901,0.134002630412326,1.1666001591137,24.3559272501042,2.74743515219031,0.00506906919867858,0.0106273124104703,1.69464587449485,3.31732599890136,10.8282374577875,0.14535698083518,4.09172467716037,0.164727804739631,0.0146851020224668,0.882996322597419,31.0767824861505,9.29604627901194,"C73"
17.6332150397215,3.00671769149423,0.0326689472657873,25.9861776838643,0.0496753692650364,0.00506906919867858,0.0106273124104703,0.0159230561069104,16.4737619304546,0.00747279151817298,0.14535698083518,5.05903855779058,0.412143381462607,1.89315298516676,0.441644958625464,26.3554892974183,9.66649843489841,"C74"
30.4567537210157,5.82662560271855,0.0326689472657873,25.010646420123,0.0496753692650364,0.00506906919867858,0.0106273124104703,2.03931410728252,7.1302526887522,0.00747279151817298,0.14535698083518,7.66800782515898,0.0153100216437969,4.7639814948429,0.675163655018818,24.2043148161828,11.1720286100708,"C75"
29.5238980377995,12.9693981528373,0.0326689472657873,23.9054211713576,3.24888022563518,0.00506906919867858,0.0106273124104703,3.68942587688527,3.19847216360587,0.00747279151817298,0.14535698083518,9.14888774722389,0.170063646130053,0.128122087169239,0.977529469173477,29.7349785014463,7.84413101939037,"C76"
26.3521734131663,0.134002630412326,4.62674723107902,21.1100405454874,0.249237370251805,0.00506906919867858,0.0106273124104703,3.19902668176384,3.62381996462923,9.91069153416112,0.14535698083518,0.0369099772767956,0.0153100216437969,0.0146851020224668,0.26015948047503,26.3815666896188,5.20255042693408,"C77"
30.0756057886227,8.42438963675294,0.0326689472657873,25.4629084138869,0.0496753692650364,0.00506906919867858,0.0106273124104703,1.45688189481782,3.73186166099607,0.00747279151817298,0.14535698083518,3.95579140156601,0.0153100216437969,2.17884804772973,1.02113525262412,24.4241803639921,12.1233941809713,"C78"
25.2721570153012,0.134002630412326,6.19632628591927,26.8381556098728,0.0496753692650364,0.00506906919867858,0.0106273124104703,0.475146699451701,11.7128683253511,0.00747279151817298,8.24163434151216,2.00532180687632,0.0153100216437969,3.90623043581339,0.521940353099157,20.9660729425051,8.10481397831488,"C79"
7.22641821579396,4.53039567725123,6.5835458728056,30.6069106396928,3.94401301585533,0.00506906919867858,0.0106273124104703,1.98212746397619,95.0536438176963,0.00747279151817298,4.25631962709814,1.24728043118838,0.110273476620458,0.337686874705291,0.000693655658576344,7.69777529161552,0.487269727389747,"C80"
32.8169353982772,0.134002630412326,1.01017656800357,25.8887011156302,0.0496753692650364,0.0101381383973572,0.0106273124104703,1.25575006731812,7.07836132285722,0.00747279151817298,0.14535698083518,0.0369099772767956,0.0153100216437969,1.80402119377415,0.0912734614516915,25.020680956392,11.2977323456611,"C81"
35.7356523681658,5.65572326293904,0.0326689472657873,31.4345554520888,1.96583189469741,0.00506906919867858,0.0106273124104703,2.19350833987683,3.85588741818702,0.00747279151817298,0.14535698083518,9.37430908920713,1.21986651691664,0.0146851020224668,1.26781737775481,31.7819680658795,10.9486420987999,"C82"
22.5684077814046,3.03404353010473,0.0326689472657873,31.5264456761618,0.592425834206889,0.60618526920463,2.48725835567068,0.782373146082356,3.12517272979324,0.00747279151817298,0.14535698083518,6.17798129329063,0.690111463595015,0.0146851020224668,0.000693655658576344,21.5067288428606,9.84530925978687,"C83"
23.0782466157091,0.134002630412326,3.18438110667646,22.0108115843138,1.45330971957136,1.20297465829466,0.0106273124104703,0.0159230561069104,3.84193880330148,13.0491412449308,0.14535698083518,2.41950019119997,0.0153100216437969,0.0146851020224668,0.104651594133782,28.0174042352581,4.10420957304124,"C84"
12.4387121136275,0.134002630412326,3.29802635024071,19.4190964445025,0.0496753692650364,0.693590048205225,0.0106273124104703,0.0159230561069104,4.87284104101412,11.3781357345605,0.14535698083518,0.706746306805951,0.0153100216437969,0.493700187917304,0.238849573220598,24.0449378649139,6.49731964817142,"C85"
36.1220076503869,8.43440216264727,0.0326689472657873,33.5554945512247,0.0993507385300729,0.00506906919867858,0.0106273124104703,0.53537468114284,3.6746105948854,0.00747279151817298,0.14535698083518,0.57862869190945,0.310451234145336,0.843527558821512,1.09122007732998,24.7097562215522,16.0050035278584,"C86"
27.8767382716018,5.14294459669445,0.0326689472657873,25.2857690222046,0.0496753692650364,0.00506906919867858,0.0106273124104703,0.0159230561069104,4.93010499517649,0.00747279151817298,0.14535698083518,4.66871762953908,0.0153100216437969,1.38196232632132,0.563455139171685,27.156125093771,11.1934730250808,"C100"
31.0839484640862,10.4203893669832,0.0326689472657873,21.8998576497843,1.6384983835613,0.00506906919867858,0.0106273124104703,0.0159230561069104,3.04042573631351,0.00747279151817298,0.14535698083518,8.20210887782088,0.0153100216437969,1.94117490620524,0.316378061287165,18.2497716103017,9.63992630052633,"C101"
21.5463963629728,16.4379055438777,0.0326689472657873,25.1244232470527,3.34698979423757,0.00506906919867858,1.60062986108558,0.706318195601974,3.98775751951819,0.00747279151817298,0.14535698083518,7.5906923804574,0.0153100216437969,5.74503223300774,1.33356535048686,24.0285001685559,10.1448938929635,"C102"
46.5609557409328,6.50634038055083,0.0326689472657873,26.8666956788111,1.75341426674015,0.00506906919867858,0.0106273124104703,2.5321028269847,4.26639777849739,0.00747279151817298,0.14535698083518,3.68195827888951,0.0153100216437969,1.118338421908,0.961311832008741,26.2299375791282,11.6587703510048,"C103"
17.6086581325665,2.57361080324908,0.0326689472657873,29.4473008809425,0.0496753692650364,0.00506906919867858,0.0106273124104703,0.245631022324596,25.2893781052409,0.00747279151817298,0.14535698083518,4.84081562114292,1.25194232230868,1.26541981731354,0.0827741988181265,26.245134787516,10.6551945263838,"C87"
27.3300910321647,0.315931184256818,0.0326689472657873,17.8254203899398,0.0496753692650364,0.00506906919867858,0.0106273124104703,0.745820582625239,5.39270536714094,0.00747279151817298,0.14535698083518,1.70263906947208,0.0153100216437969,0.375219896043219,0.000693655658576344,22.9098478141631,7.0938312868453,"C88"
22.4708739098285,11.830136585893,0.0326689472657873,27.7370197571089,1.27353597621449,0.00506906919867858,0.0106273124104703,0.0159230561069104,5.97819878515977,0.00747279151817298,0.14535698083518,8.51781552331532,0.0153100216437969,3.31507635761198,0.878196223977008,31.3723729368326,9.55106434783118,"C90"
12.7979348197106,4.70842082371999,0.0326689472657873,26.692755428526,2.89986494289374,0.00506906919867858,0.0106273124104703,1.34540540048159,1.97361802691168,1.99541696276644,0.14535698083518,7.34044978211372,0.0153100216437969,0.762586129257939,0.812613366036099,30.1015410763697,5.72748574958315,"C92"
30.6774965015944,7.54664281112189,0.0326689472657873,32.3726623864703,0.0496753692650364,0.00506906919867858,0.0106273124104703,0.770545762205752,5.92595113534213,0.00747279151817298,0.14535698083518,3.07826071776567,0.0153100216437969,3.94413607521574,0.819872522362503,32.4759327213787,12.0881696908278,"C93"
26.1423171219475,3.94103982193351,0.0326689472657873,29.056698097948,0.0496753692650364,0.00506906919867858,0.0106273124104703,0.0159230561069104,5.52931081796245,0.00747279151817298,0.14535698083518,2.83639708111554,0.0153100216437969,3.32775187144677,0.597183004769599,29.0158015069145,10.2970597495664,"C94"
31.9208565869615,12.241605971782,0.0326689472657873,28.2338781839353,2.17549676828281,0.00506906919867858,0.0106273124104703,3.96650253961623,3.37234044222327,0.00747279151817298,0.14535698083518,1.99078868824102,0.0153100216437969,2.74112384523413,1.22110224517216,22.435936911283,11.9555546345637,"C95"
21.6148143244588,2.96920523858457,1.43565273772673,23.020971323235,0.0496753692650364,0.00506906919867858,0.0106273124104703,2.04795064311598,9.93508232271494,0.00747279151817298,0.290713961670359,2.13001422966104,0.0153100216437969,2.58804010519134,0.236206845332362,27.276939353459,7.68385361126638,"C96"
10.7450891523624,0.134002630412326,7.15284225907474,14.3215248990281,0.0496753692650364,0.00506906919867858,0.0106273124104703,1.60548326760298,8.51429170889522,18.8050961654176,0.14535698083518,2.14831984146693,0.0153100216437969,6.50499378582185,0.000693655658576344,7.99619389974519,4.12142689027465,"C97"
7.53326687623724,0.134002630412326,4.05893414784884,28.3264280507853,0.0496753692650364,0.82070124672222,0.0106273124104703,2.08330589377386,22.5518708431975,5.77495217340758,0.14535698083518,0.0369099772767956,0.0153100216437969,3.82092644189798,0.64158490682477,15.9487292653336,9.37213680673526,"C98"
24.0274256480827,9.41496384566321,0.0326689472657873,24.9551867533669,1.99171454254076,0.00506906919867858,0.0106273124104703,0.192828613697783,2.17990477352876,0.00747279151817298,0.14535698083518,8.92314561926973,0.70107882254621,1.27031501258295,0.898122060216915,25.8716407476076,10.418097896765,"C99"
25.0979436214413,1.00785621121032,0.574148227151314,25.4408127711166,0.0496753692650364,0.111091710716598,0.0106273124104703,1.37437724786228,5.17520563554775,0.014945583036346,0.14535698083518,3.01543843297689,0.648766208436202,0.0146851020224668,0.695976472206573,26.4940324147249,9.67879396353414,"C15"
25.2056549045111,1.69271644157163,0.365399042382405,13.9997868632841,0.0496753692650364,0.00506906919867858,0.0106273124104703,10.0983353207283,3.6889709141321,0.00747279151817298,0.14535698083518,2.26933529287721,1.64855714305478,0.0146851020224668,0.000693655658576344,17.5080984414662,0.974539454779494,"C16"
30.5571821023726,0.134002630412326,0.0326689472657873,25.3896060358361,1.24764945353901,0.196681214162735,0.0106273124104703,0.0159230561069104,5.53361522169348,4.71775378855952,0.14535698083518,3.60464148625615,0.0153100216437969,0.456457339362474,0.201849523139807,28.7758991402232,9.11794569929256,"C19"
10.3872869378716,0.134002630412326,2.26872606221125,20.2652810882452,0.0496753692650364,0.471255695135677,0.0106273124104703,0.0159230561069104,6.29849388509437,3.2720287206674,0.14535698083518,3.17795045151368,0.0153100216437969,1.00328338497753,0.0762132280207111,22.2024252602831,5.23446473485807,"C1"
22.2728738860462,11.2591264952294,0.0326689472657873,24.3315245216339,0.698604088396825,0.00506906919867858,0.0106273124104703,2.10085861822379,2.71549564872626,0.00747279151817298,0.14535698083518,8.46209889105332,1.13988643460892,0.181376802819171,1.17811899857581,20.0523755960554,11.9122544725319,"C31"
14.3572969357693,0.134002630412326,4.57755989184895,33.6419842303604,0.0496753692650364,0.00506906919867858,0.0106273124104703,0.0159230561069104,12.621478755765,4.05889455179361,0.14535698083518,2.08940970984737,0.0153100216437969,2.15322375866129,0.351096814709672,34.9472518427367,9.31839999896842,"C60"
18.3091843360858,0.940954209961132,0.0326689472657873,27.3951664482098,0.662224174500673,0.159170473453687,0.0106273124104703,1.70041382842667,4.40765725878727,4.19828624490126,0.14535698083518,4.65528917741025,0.0153100216437969,0.131201656290668,0.539434276525568,25.5896999032876,7.47660434130986,"C91"
36.1119925259532,2.3271769736593,0.0326689472657873,24.2438410514266,0.0496753692650364,0.00506906919867858,0.0106273124104703,2.92667633090153,7.91508824626039,0.00747279151817298,0.14535698083518,5.38603226715554,0.153429551092767,0.548754118953763,0.000693655658576344,25.0119851294651,10.0918266493266,"CT13"
21.4018946627956,0.493391860405303,0.0326689472657873,23.9292774955449,0.218639889411705,0.495100331190382,1.0167951668779,0.0159230561069104,5.54094446776194,2.86595537119584,0.14535698083518,6.02698487203763,0.0153100216437969,0.189760805468328,0.000693655658576344,25.4177001033279,9.00937072782129,"CT14"
26.5628543577342,0.134002630412326,0.0326689472657873,22.0110478797802,0.985388267020036,0.0121136577971766,0.0106273124104703,0.0159230561069104,4.69543028948967,0.386869414642233,0.14535698083518,7.07813796534349,0.874838211197488,0.0146851020224668,0.143394853932912,23.7293762232396,9.65452942850197,"CT15"
32.5689135368328,2.2976036427573,0.0326689472657873,26.4639354693984,0.0496753692650364,0.00506906919867858,0.0106273124104703,2.68578657462746,6.00508766645858,0.00747279151817298,0.14535698083518,1.77898561914679,0.0153100216437969,1.02094023286712,0.432690058215433,25.2721307332541,9.0417352785363,"CT17"
13.8457150751099,4.7775063990538,0.0326689472657873,23.509872680086,0.0496753692650364,0.00506906919867858,0.0106273124104703,0.0159230561069104,27.3545019407532,0.00747279151817298,0.14535698083518,2.06358999223552,0.0153100216437969,3.14879259755584,0.482902051385774,24.7105580184317,9.5179460234007,"CT3"
18.0100606727597,0.134002630412326,1.08887529777139,24.1730668101867,0.0496753692650364,0.00506906919867858,0.0106273124104703,0.0159230561069104,6.47154504459093,2.17765477663165,0.14535698083518,2.44737763764615,0.0153100216437969,1.19753220380217,0.277992381096766,30.1038022933189,8.14707026786916,"CT8"
24.7405115615586,10.5718140431389,0.0326689472657873,26.3864809874221,2.33824017545677,0.00506906919867858,0.0106273124104703,0.0159230561069104,2.59619954491056,0.00747279151817298,0.14535698083518,7.21630056293331,0.0153100216437969,1.43387386913462,1.13669831999409,24.9960357779018,12.3446557352701,"C104"
37.7954810780986,7.6848759173369,0.0326689472657873,22.0774653388949,1.42971122028513,0.00506906919867858,0.0106273124104703,0.0159230561069104,4.9836349836161,0.00747279151817298,0.14535698083518,5.75195655303436,0.0153100216437969,1.45544291561121,0.115449013018262,24.9212225663415,11.858043456654,"C105"
26.3422404270686,9.35030905533317,0.0326689472657873,29.0786963220327,0.0496753692650364,0.00506906919867858,0.0106273124104703,0.0159230561069104,8.11814392349708,0.00747279151817298,0.14535698083518,7.77839674638599,0.0153100216437969,4.70202545155588,0.675173610403817,26.4143150829503,12.4751899633485,"C106"
23.4938561836289,0.134002630412326,2.84706289386259,22.2465150374738,1.514748782254,0.00506906919867858,0.0106273124104703,2.51240279810823,4.17002677511385,8.54012519761542,0.14535698083518,0.318070913191945,0.41936325370333,0.0146851020224668,0.72221606106004,27.6092366308164,5.73999905023174,"CQ1"
37.3010971045309,3.26623269432495,0.0326689472657873,25.7029353723847,0.74008383001512,0.00506906919867858,0.0106273124104703,0.0159230561069104,5.01938541261547,0.00747279151817298,0.14535698083518,5.57880708681018,0.0153100216437969,0.72071300727696,0.339598272243064,22.8888819968137,11.3572727739134,"CQ2"
24.512024958731,5.68961017548038,0.0326689472657873,23.8367336269341,8.73607108684212,0.00506906919867858,0.0106273124104703,0.0159230561069104,2.96256078945591,3.62127804335505,0.14535698083518,12.2228690866864,1.28780380821081,0.0146851020224668,0.92966856046422,26.0888069529641,7.2712627775829,"CQ3"
36.4790231821069,5.48662235507457,0.0326689472657873,26.9336125888917,0.352191131234598,0.00506906919867858,0.0106273124104703,0.0159230561069104,6.2981501386499,0.00747279151817298,0.14535698083518,6.2705570484285,0.0153100216437969,1.19174637634951,0.134470784089199,25.4058833982078,12.1881313167085,"CQ4"
32.2873116480045,6.1755037849049,0.0326689472657873,25.3244167798837,0.0496753692650364,0.00506906919867858,0.0106273124104703,0.0159230561069104,5.16571068003908,0.00747279151817298,0.14535698083518,8.45562278228043,0.0153100216437969,3.25903725632913,0.739589893112491,26.7002953968298,11.6593446407444,"CT1"
23.7309886986131,0.134002630412326,4.59638357137233,32.5394622107218,0.0496753692650364,2.32511227624825,0.0106273124104703,0.149970198885217,8.0666742827183,0.912933969368287,0.14535698083518,0.0369099772767956,1.89121003283651,0.0146851020224668,0.000693655658576344,22.715079851238,7.18814027883185,"CT2"
32.27352062745,1.51753423498591,0.0326689472657873,23.3562021236128,0.439970027932711,0.281492050467905,0.0106273124104703,0.0159230561069104,3.56934313979733,0.780498860833775,0.14535698083518,4.79757856214979,0.0153100216437969,0.0146851020224668,0.000693655658576344,26.1873673726635,9.93704436098978,"S4"
19.4952640828391,0.134002630412326,4.66629013423702,21.4912364386571,0.520099984809253,1.55609622576503,0.0106273124104703,0.0159230561069104,5.19258632099263,17.878625721083,0.14535698083518,0.0369099772767956,0.0153100216437969,0.0146851020224668,0.000693655658576344,21.9423204572769,5.10640102487765,"S1"
31.6111009163213,9.03449187598394,0.0326689472657873,23.2270692139322,2.92473000554428,0.00506906919867858,0.0106273124104703,0.0159230561069104,2.58859954804674,0.00747279151817298,0.14535698083518,9.32514480511255,0.0153100216437969,2.43605152535283,0.615448966754191,20.7915922115294,9.32863754340014,"CT9"
20.8846335477431,3.25273676450395,0.763388640054535,26.9390268997752,0.0496753692650364,0.00506906919867858,0.0106273124104703,0.0416490501486586,10.0495547088203,0.00747279151817298,0.14535698083518,4.52185999144677,0.0153100216437969,5.18337325309075,0.821708526648989,27.705555544822,10.9908700158344,"CT7"
29.4181656121681,5.85448584336793,0.0326689472657873,33.8439349182432,1.2958583953242,0.00506906919867858,0.453227833593971,0.0159230561069104,3.67473901298276,2.13068335465845,0.14535698083518,6.41752452756663,0.12288600164923,0.379651993640467,1.04018152722692,26.6732681243609,14.7710834284249,"CT6"
40.0374266835667,6.60009803377252,0.0326689472657873,30.1213538711773,2.10720911983558,0.00506906919867858,0.0106273124104703,3.33922172540232,3.11575721106394,0.00747279151817298,0.14535698083518,5.21696480025186,0.0153100216437969,1.41589900596854,1.24202062469071,27.6336407553434,12.2963414528021,"CT5"
33.5897636645666,1.48976051139215,0.0326689472657873,25.879175564449,1.73982069095588,0.141262936638983,0.0106273124104703,0.257031328005733,4.57210361411686,0.864378528971208,0.14535698083518,6.96207918389592,0.392241515784806,0.0146851020224668,0.71970775009581,27.9885860318705,11.3619538314579,"CT4"
34.6031929915124,1.86896957745643,0.0326689472657873,28.7583686234337,0.0496753692650364,0.00506906919867858,0.746119621508656,0.0159230561069104,5.62153187472849,0.00747279151817298,0.14535698083518,3.61291680236458,0.0153100216437969,0.0146851020224668,0.000693655658576344,26.0238378518509,10.8211784509517,"CT16"
36.716628051105,14.0496250533809,0.0326689472657873,28.4193491165176,1.42443856455943,0.00506906919867858,0.40912043002154,0.602396496668577,2.55117443021861,0.00747279151817298,0.14535698083518,7.24113356429975,0.0153100216437969,2.37712282606977,0.000693655658576344,25.5727527577455,10.7859776882121,"CT12"
33.0264018127402,2.28120159344927,0.0326689472657873,23.4197352962858,0.0496753692650364,0.00506906919867858,0.0106273124104703,0.0159230561069104,6.13556229718401,0.00747279151817298,0.14535698083518,4.31480015471115,0.0153100216437969,1.13990905807536,0.409725551975079,29.2911990800486,9.85312342116357,"CT11"
27.3771401075975,0.749114452771798,0.483932315026434,24.7658211810956,0.0496753692650364,0.00506906919867858,0.0106273124104703,0.111566101426052,6.71140020722186,0.611073490740238,0.14535698083518,7.1557694966059,0.471817424415543,0.0146851020224668,0.774483892664667,28.1307325260598,9.84112050376392,"CT10"
25.4906565573852,16.2936823672372,0.0326689472657873,25.1855472180398,2.76466906364741,0.00506906919867858,0.0212546248209405,1.83986480571811,1.87015656816021,0.00747279151817298,0.14535698083518,11.00053179711,0.0153100216437969,2.87035441006922,1.63694320192638,21.9243219109732,10.7419957327059,"C89"
